t_ps,Delta_live_meV,Delta_fold_of_A_meV,g1,A_um_inv,lorentzian,mu_nl_meV
0.000000000000000000e+00,5.999999999999999778e-01,2.324117557673080481e-01,8.730464002873027374e-01,1.402423214055054546e+00,1.000000000000000000e+00,-6.295833016458060594e-02
2.000000000000000042e-03,5.999997198633745255e-01,2.322696943644380063e-01,8.730459870366988895e-01,1.402731121351952437e+00,9.999999999128037498e-01,-6.275838728453290993e-02
4.000000000000000083e-03,5.999998379590847364e-01,2.321276017344715281e-01,8.730490032282084423e-01,1.403039096331209157e+00,9.999999999708253373e-01,-6.225142614945375352e-02
6.000000000000000125e-03,6.000003553192588823e-01,2.319854777455520600e-01,8.730543067061016238e-01,1.403347139278613875e+00,9.999999998597202122e-01,-6.166304989369237460e-02
8.000000000000000167e-03,6.000012733466134618e-01,2.318433222655318093e-01,8.730604513660878974e-01,1.403655250480586814e+00,9.999999981984315500e-01,-6.117007737893510877e-02
1.000000000000000021e-02,6.000025934725067289e-01,2.317011351621656168e-01,8.730665236087703507e-01,1.403963430223759357e+00,9.999999925265560252e-01,-6.084141204689588744e-02
1.200000000000000025e-02,6.000043169362185846e-01,2.315589163033759945e-01,8.730726860553388313e-01,1.404271678794399403e+00,9.999999792934022302e-01,-6.058690097615949954e-02
1.400000000000000029e-02,6.000064449183768467e-01,2.314166655574786680e-01,8.730799531988302498e-01,1.404579996477922643e+00,9.999999538478100414e-01,-6.021770885608264401e-02
1.600000000000000033e-02,6.000089787562709054e-01,2.312743827933435581e-01,8.730893026678082647e-01,1.404888383558543508e+00,9.999999104243810777e-01,-5.963595351963262708e-02
1.800000000000000211e-02,6.000119200187418178e-01,2.311320678805359186e-01,8.731008909479111013e-01,1.405196840318969409e+00,9.999998421257505488e-01,-5.892791804663845973e-02
2.000000000000000042e-02,6.000152704547334626e-01,2.309897206894772625e-01,8.731139267247803870e-01,1.405505367040051912e+00,9.999997409036364138e-01,-5.826672291351008004e-02
2.199999999999999872e-02,6.000190318482446772e-01,2.308473410916547230e-01,8.731271221374747871e-01,1.405813964000332872e+00,9.999995975432202089e-01,-5.779828434576247259e-02
2.400000000000000050e-02,6.000232059001816554e-01,2.307049289598705477e-01,8.731394184139088521e-01,1.406122631475503759e+00,9.999994016516878803e-01,-5.759743246106031889e-02
2.600000000000000228e-02,6.000277942683740484e-01,2.305624841684815740e-01,8.731506055518735154e-01,1.406431369737886516e+00,9.999991416436762037e-01,-5.762500757505371884e-02
2.800000000000000058e-02,6.000327986332635311e-01,2.304200065936219399e-01,8.731613756755726152e-01,1.406740179055951057e+00,9.999988047232686306e-01,-5.771876571420516550e-02
2.999999999999999889e-02,6.000382206569431220e-01,2.302774961134416987e-01,8.731727463430607461e-01,1.407049059693797899e+00,9.999983768708378129e-01,-5.769576416303501265e-02
3.200000000000000067e-02,6.000440619992349900e-01,2.301349526083432684e-01,8.731853743081342545e-01,1.407358011910645690e+00,9.999978428271238950e-01,-5.748333238937956835e-02
3.400000000000000244e-02,6.000503244438420980e-01,2.299923759611847141e-01,8.731992507036002715e-01,1.407667035960390667e+00,9.999971860638648957e-01,-5.714875463176419951e-02
3.600000000000000422e-02,6.000570098961249821e-01,2.298497660574879975e-01,8.732138146371341003e-01,1.407976132091155241e+00,9.999963887594232048e-01,-5.682433660996374231e-02
3.799999999999999906e-02,6.000641202326527646e-01,2.297071227856963826e-01,8.732283129233302521e-01,1.408285300544730223e+00,9.999954317939403481e-01,-5.660614724387417335e-02
4.000000000000000083e-02,6.000716572452915454e-01,2.295644460374503260e-01,8.732422261555734533e-01,1.408594541555976631e+00,9.999942947427693518e-01,-5.650484140005498229e-02
4.200000000000000261e-02,6.000796226936399025e-01,2.294217357078515984e-01,8.732555194915494479e-01,1.408903855352253487e+00,9.999929558570175292e-01,-5.647345091887867596e-02
4.399999999999999745e-02,6.000880183283828773e-01,2.292789916957234664e-01,8.732685377788454995e-01,1.409213242152853596e+00,9.999913920450625993e-01,-5.645115623203328381e-02
4.599999999999999922e-02,6.000968459013976686e-01,2.291362139038718715e-01,8.732816650448446127e-01,1.409522702168437780e+00,9.999895788545818398e-01,-5.638167680683728311e-02
4.800000000000000100e-02,6.001061071210526121e-01,2.289934022393618762e-01,8.732950965926921105e-01,1.409832235600435357e+00,9.999874904663370589e-01,-5.624757698888263602e-02
5.000000000000000278e-02,6.001158034576504763e-01,2.288505566138488156e-01,8.733088990808959284e-01,1.410141842640326715e+00,9.999850997322392576e-01,-5.609634865833075523e-02
5.200000000000000455e-02,6.001259360340971405e-01,2.287076769439363999e-01,8.733231469958263604e-01,1.410451523468867041e+00,9.999823782164392050e-01,-5.597287068128913023e-02
5.399999999999999939e-02,6.001365058615694137e-01,2.285647631514697020e-01,8.733378923148878981e-01,1.410761278255451057e+00,9.999792961506106526e-01,-5.583966529126292017e-02
5.600000000000000117e-02,6.001475141310176342e-01,2.284218151637543159e-01,8.733530775615875319e-01,1.411071107157638505e+00,9.999758223414068059e-01,-5.563772153326025649e-02
5.800000000000000294e-02,6.001589621708163236e-01,2.282788329137926953e-01,8.733685739130823134e-01,1.411381010320641449e+00,9.999719241529968494e-01,-5.539481359752593259e-02
5.999999999999999778e-02,6.001708512356702663e-01,2.281358163405771133e-01,8.733842322628533328e-01,1.411690987876689451e+00,9.999675675577528455e-01,-5.519366110048049001e-02
6.199999999999999956e-02,6.001831824326003817e-01,2.279927653894020523e-01,8.733998586249561713e-01,1.412001039944352554e+00,9.999627171638246770e-01,-5.507170637178655792e-02
6.400000000000000133e-02,6.001959567052476130e-01,2.278496800121784238e-01,8.734152917861266463e-01,1.412311166627860270e+00,9.999573362310176794e-01,-5.501600543670782939e-02
6.600000000000000311e-02,6.002091747518411013e-01,2.277065601677644713e-01,8.734305885521547186e-01,1.412621368016384160e+00,9.999513867224679720e-01,-5.500080566011936872e-02
6.800000000000000488e-02,6.002228369795772345e-01,2.275634058223022227e-01,8.734460378272000947e-01,1.412931644183308855e+00,9.999448293556711942e-01,-5.497536152317357427e-02
7.000000000000000666e-02,6.002369435417735932e-01,2.274202169495385950e-01,8.734619725056677053e-01,1.413241995185535949e+00,9.999376236221795278e-01,-5.487344326548411477e-02
7.200000000000000844e-02,6.002514944077196324e-01,2.272769935311253209e-01,8.734786040963380405e-01,1.413552421062833853e+00,9.999297277861819433e-01,-5.468200865663714466e-02
7.399999999999999634e-02,6.002664895089525610e-01,2.271337355568841532e-01,8.734959078875358385e-01,1.413862921837263142e+00,9.999210988276843182e-01,-5.446380024960970762e-02
7.599999999999999811e-02,6.002819289225581612e-01,2.269904430250350991e-01,8.735135546553925989e-01,1.414173497512681843e+00,9.999116923351825115e-01,-5.429301457062209874e-02
7.799999999999999989e-02,6.002978128692543214e-01,2.268471159424293448e-01,8.735310903637467650e-01,1.414484148074240499e+00,9.999014624827176068e-01,-5.419163060719241198e-02
8.000000000000000167e-02,6.003141414873777171e-01,2.267037543248300313e-01,8.735482949620458903e-01,1.414794873487773774e+00,9.998903621616715975e-01,-5.412821327911514907e-02
8.200000000000000344e-02,6.003309146471923485e-01,2.265603581972222558e-01,8.735652798411316367e-01,1.415105673699128319e+00,9.998783431313872372e-01,-5.406430617508273251e-02
8.400000000000000522e-02,6.003481319971447627e-01,2.264169275941073645e-01,8.735822541189325330e-01,1.415416548633525062e+00,9.998653560342876112e-01,-5.399267892924164425e-02
8.600000000000000699e-02,6.003657931828861871e-01,2.262734625597525306e-01,8.735993657030421966e-01,1.415727498195018308e+00,9.998513502637559336e-01,-5.391102602338411487e-02
8.799999999999999489e-02,6.003838980731107666e-01,2.261299631484059436e-01,8.736167360824145245e-01,1.416038522266029220e+00,9.998362737767344521e-01,-5.377974794623954086e-02
8.999999999999999667e-02,6.004024468098472234e-01,2.259864294245118588e-01,8.736344350654081659e-01,1.416349620706879753e+00,9.998200730075972320e-01,-5.357462639688057721e-02
9.199999999999999845e-02,6.004214396368657836e-01,2.258428614629611197e-01,8.736523881624244092e-01,1.416660793355249748e+00,9.998026929738323965e-01,-5.336231448465869609e-02
9.400000000000000022e-02,6.004408767488391696e-01,2.256992593493652166e-01,8.736704407550173190e-01,1.416972040025582746e+00,9.997840774018963428e-01,-5.322271319558161823e-02
9.600000000000000200e-02,6.004607583865526621e-01,2.255556231803176881e-01,8.736885252177306604e-01,1.417283360508519552e+00,9.997641686397955585e-01,-5.312291897524323153e-02
9.800000000000000377e-02,6.004810850231379060e-01,2.254119530636370938e-01,8.737066640389118399e-01,1.417594754570371762e+00,9.997429074474805111e-01,-5.298865836219716907e-02
1.000000000000000056e-01,6.005018574172223955e-01,2.252682491186144276e-01,8.737248082957752571e-01,1.417906221952585089e+00,9.997202328835194107e-01,-5.284928362156123688e-02
1.020000000000000073e-01,6.005230766241016482e-01,2.251245114762740474e-01,8.737428010744340279e-01,1.418217762371174251e+00,9.996960822222275000e-01,-5.277016011006278873e-02
1.040000000000000091e-01,6.005447440581431762e-01,2.249807402796436262e-01,8.737605706252784543e-01,1.418529375516137669e+00,9.996703908015089901e-01,-5.271498437654659197e-02
1.059999999999999970e-01,6.005668614471527667e-01,2.248346953478906063e-01,8.737782668126138352e-01,1.418841061050822638e+00,9.996430919840697538e-01,-5.262108000154024079e-02
1.079999999999999988e-01,6.005894306645425118e-01,2.246827200028725380e-01,8.737961224022511297e-01,1.419152818611228772e+00,9.996141172870580682e-01,-5.251196252500035105e-02
1.100000000000000006e-01,6.006124536983449280e-01,2.245307097379359018e-01,8.738142629120848603e-01,1.419464647805284585e+00,9.995833963724550797e-01,-5.240731774436552942e-02
1.120000000000000023e-01,6.006359328206110071e-01,2.243786647582458604e-01,8.738327025524321723e-01,1.419776548212120515e+00,9.995508567621494977e-01,-5.225849374418503612e-02
1.140000000000000041e-01,6.006598707641724877e-01,2.242265852833717210e-01,8.738513748545594373e-01,1.420088519381318859e+00,9.995164234867039976e-01,-5.207505192831163310e-02
1.160000000000000059e-01,6.006842708323215652e-01,2.240744715476797877e-01,8.738700998878737858e-01,1.420400560832107750e+00,9.994800187745118691e-01,-5.194311362896820994e-02
1.180000000000000077e-01,6.007091369183917839e-01,2.239223238007632399e-01,8.738886995230454868e-01,1.420712672052479419e+00,9.994415618396201850e-01,-5.185437637141598194e-02
1.199999999999999956e-01,6.007344733209882826e-01,2.237701423079127283e-01,8.739072129041726145e-01,1.421024852498224744e+00,9.994009689874119307e-01,-5.171762139065276542e-02
1.219999999999999973e-01,6.007602844967033784e-01,2.236179273506180010e-01,8.739258520356896209e-01,1.421337101591904295e+00,9.993581538800000441e-01,-5.155646274200719609e-02
1.239999999999999991e-01,6.007865751027798851e-01,2.234656792270884318e-01,8.739447550947216925e-01,1.421649418721780522e+00,9.993130273754656789e-01,-5.147142659952708837e-02
1.260000000000000009e-01,6.008133502347097199e-01,2.233133982528013595e-01,8.739639169771963312e-01,1.421961803240692879e+00,9.992654969975428569e-01,-5.142565110779325627e-02
1.280000000000000027e-01,6.008406154172983848e-01,2.231610847610869253e-01,8.739832587191135316e-01,1.422274254464858112e+00,9.992154667758557096e-01,-5.129240241509507719e-02
1.300000000000000044e-01,6.008683763707185488e-01,2.230087391037383904e-01,8.740026218525734913e-01,1.422586771672618378e+00,9.991628375157650677e-01,-5.107165920962284528e-02
1.320000000000000062e-01,6.008966389343819436e-01,2.228563616516411605e-01,8.740218447852809991e-01,1.422899354103150715e+00,9.991075068348732602e-01,-5.086778847306716589e-02
1.340000000000000080e-01,6.009254091406296405e-01,2.227039527954284281e-01,8.740409717167115788e-01,1.423212000955122125e+00,9.990493689176225267e-01,-5.071600200507995343e-02
1.360000000000000098e-01,6.009546931674650816e-01,2.225515129461572150e-01,8.740602360179979824e-01,1.423524711385302899e+00,9.989883144951831051e-01,-5.057761268890836881e-02
1.380000000000000115e-01,6.009844972065797597e-01,2.223990425359946566e-01,8.740797785994106617e-01,1.423837484507158635e+00,9.989242310254549118e-01,-5.044170333427516056e-02
1.400000000000000133e-01,6.010148274430713311e-01,2.222465420189154162e-01,8.740995285218321476e-01,1.424150319389419606e+00,9.988570026720713368e-01,-5.033252361937778224e-02
1.420000000000000151e-01,6.010456901529431795e-01,2.220940118714267442e-01,8.741193382624090624e-01,1.424463215054593501e+00,9.987865100181940736e-01,-5.024970883733089616e-02
1.440000000000000169e-01,6.010770917794092671e-01,2.219414525933241233e-01,8.741390849509779182e-01,1.424776170477415116e+00,9.987126297903150540e-01,-5.014039444486335928e-02
1.459999999999999909e-01,6.011090387868427420e-01,2.217888647084503007e-01,8.741587055849222576e-01,1.425089184583289592e+00,9.986352350945739698e-01,-4.994596763447836651e-02
1.479999999999999927e-01,6.011415372491722975e-01,2.216362487653980862e-01,8.741782744922315107e-01,1.425402256246850463e+00,9.985541963844281055e-01,-4.969878932712374492e-02
1.499999999999999944e-01,6.011745925898118736e-01,2.214836053381497583e-01,8.741979830140644836e-01,1.425715384290648036e+00,9.984693822132890695e-01,-4.951608065237776690e-02
1.519999999999999962e-01,6.012082098472043556e-01,2.213309350267361197e-01,8.742179497788674647e-01,1.426028567483797582e+00,9.983806587029325774e-01,-4.944379735519405933e-02
1.539999999999999980e-01,6.012423940642228626e-01,2.211782384579638883e-01,8.742380955208437499e-01,1.426341804540486979e+00,9.982878885631396582e-01,-4.939548539676563016e-02
1.559999999999999998e-01,6.012771502319037564e-01,2.210255162861417821e-01,8.742582312868396599e-01,1.426655094118487455e+00,9.981909312002992252e-01,-4.928741516524381278e-02
1.580000000000000016e-01,6.013124829838299990e-01,2.208727691937368010e-01,8.742782310477210661e-01,1.426968434817807108e+00,9.980896435769536224e-01,-4.911247492821266269e-02
1.600000000000000033e-01,6.013483964368843138e-01,2.207199978919698324e-01,8.742981301525212245e-01,1.427281825179469221e+00,9.979838807804760625e-01,-4.887826604975525902e-02
1.620000000000000051e-01,6.013848940585386771e-01,2.205672031213420647e-01,8.743180952060671807e-01,1.427595263684432458e+00,9.978734965940054824e-01,-4.861667059860909357e-02
1.640000000000000069e-01,6.014219785273507979e-01,2.204143856520731082e-01,8.743383009672173189e-01,1.427908748752691803e+00,9.977583441636228567e-01,-4.841281528614684720e-02
1.660000000000000087e-01,6.014596518598597230e-01,2.202615462845210759e-01,8.743588133832372877e-01,1.428222278742417251e+00,9.976382758872853751e-01,-4.829651825978147073e-02
1.680000000000000104e-01,6.014979155887004714e-01,2.201086858496088261e-01,8.743795359434092251e-01,1.428535851949079172e+00,9.975131430856579717e-01,-4.820303149823586958e-02
1.700000000000000122e-01,6.015367705502633333e-01,2.199558052091374061e-01,8.744002435871958134e-01,1.428849466604805274e+00,9.973827969215692812e-01,-4.811726924388105148e-02
1.720000000000000140e-01,6.015762165979402498e-01,2.198029052559322682e-01,8.744207617587635983e-01,1.429163120878080839e+00,9.972470896983356425e-01,-4.808365917955502444e-02
1.740000000000000158e-01,6.016162527246194935e-01,2.196499869139486583e-01,8.744411752883224365e-01,1.429476812873532454e+00,9.971058748608254696e-01,-4.803761588894165518e-02
1.759999999999999898e-01,6.016568772442264512e-01,2.194970511383690925e-01,8.744617599341297787e-01,1.429790540631727946e+00,9.969590067340170503e-01,-4.784592514643844219e-02
1.779999999999999916e-01,6.016980876246985632e-01,2.193440989155616694e-01,8.744826604830198136e-01,1.430104302129262095e+00,9.968063414869084982e-01,-4.752748842425005144e-02
1.799999999999999933e-01,6.017398803313568356e-01,2.191911312628818109e-01,8.745037499783542279e-01,1.430418095279163193e+00,9.966477381605683972e-01,-4.724194591760919049e-02
1.819999999999999951e-01,6.017822509412419363e-01,2.190381492284223519e-01,8.745248020752666163e-01,1.430731917931405750e+00,9.964830587327300204e-01,-4.708733076904259018e-02
1.839999999999999969e-01,6.018251941289650686e-01,2.188851538906587124e-01,8.745456515583148738e-01,1.431045767873638352e+00,9.963121686534424093e-01,-4.703606950399040476e-02
1.859999999999999987e-01,6.018687033168675926e-01,2.187321463578165981e-01,8.745662262844657864e-01,1.431359642832480850e+00,9.961349387873333905e-01,-4.699358192881530200e-02
1.880000000000000004e-01,6.019127703520453787e-01,2.185791277669308641e-01,8.745866182804573619e-01,1.431673540475454809e+00,9.959512474583021024e-01,-4.685499783988725242e-02
1.900000000000000022e-01,6.019573855127838824e-01,2.184260992827316006e-01,8.746071217083850602e-01,1.431987458413268577e+00,9.957609812809096184e-01,-4.658930652926727978e-02
1.920000000000000040e-01,6.020025377992577198e-01,2.182730620965113999e-01,8.746280385865257134e-01,1.432301394202141198e+00,9.955640347582638272e-01,-4.626444849189112474e-02
1.940000000000000058e-01,6.020482152749161431e-01,2.181200174250336188e-01,8.746493857130656080e-01,1.432615345346041513e+00,9.953603095015033375e-01,-4.595306796106711500e-02
1.960000000000000075e-01,6.020944051936043540e-01,2.179669665093921793e-01,8.746708105328725447e-01,1.432929309299027620e+00,9.951497142489633685e-01,-4.571260924856344193e-02
1.980000000000000093e-01,6.021410939326516942e-01,2.178139106137146619e-01,8.746918242759752493e-01,1.433243283467906970e+00,9.949321657324436963e-01,-4.562979319751555435e-02
2.000000000000000111e-01,6.021882669833322765e-01,2.176608510237359462e-01,8.747122117507979411e-01,1.433557265215162468e+00,9.947075893153288773e-01,-4.568752143019695622e-02
2.020000000000000129e-01,6.022359088806031879e-01,2.175077890451991292e-01,8.747322680076974333e-01,1.433871251862232743e+00,9.944759199418568008e-01,-4.566248218680388909e-02
2.040000000000000147e-01,6.022840027777921490e-01,2.173547260018299510e-01,8.747525582194964899e-01,1.434185240693667485e+00,9.942371049170827257e-01,-4.539472692838184692e-02
2.060000000000000164e-01,6.023325300402810889e-01,2.172016632328412911e-01,8.747734137730841519e-01,1.434499228962246464e+00,9.939911068604347921e-01,-4.503562282835484043e-02
2.080000000000000182e-01,6.023814704739339776e-01,2.170486020903755198e-01,8.747947102573971900e-01,1.434813213894226225e+00,9.937379036060032256e-01,-4.480850056848511426e-02
2.099999999999999922e-01,6.024308029743488113e-01,2.168955439372284022e-01,8.748160517805336767e-01,1.435127192694009457e+00,9.934774857249618618e-01,-4.472318352510130934e-02
2.119999999999999940e-01,6.024805060054491124e-01,2.167424901448055385e-01,8.748370470729160964e-01,1.435441162548336758e+00,9.932098545677277013e-01,-4.471243581625485713e-02
2.139999999999999958e-01,6.025305578709267973e-01,2.165894420912118368e-01,8.748575320873493988e-01,1.435755120630205939e+00,9.929350211449494701e-01,-4.477236615097684308e-02
2.159999999999999976e-01,6.025809368482273332e-01,2.164364011593992165e-01,8.748777384540026292e-01,1.436069064102671877e+00,9.926530056019974291e-01,-4.479558966822966976e-02
2.179999999999999993e-01,6.026316209739197571e-01,2.162833687351001233e-01,8.748982133425790009e-01,1.436382990123085568e+00,9.923638386031478076e-01,-4.456237725354771778e-02
2.200000000000000011e-01,6.026825877225340244e-01,2.161303462044287804e-01,8.749194148923468140e-01,1.436696895848014854e+00,9.920675634673374876e-01,-4.404720993571391296e-02
2.220000000000000029e-01,6.027338141594066334e-01,2.159773349515276275e-01,8.749413251675253189e-01,1.437010778438072345e+00,9.917642356688576299e-01,-4.349419590199501973e-02
2.240000000000000047e-01,6.027852773500245176e-01,2.158243363565145734e-01,8.749634186271545433e-01,1.437324635062126488e+00,9.914539206673241845e-01,-4.313436762288017090e-02
2.260000000000000064e-01,6.028369543567955180e-01,2.156713517934061575e-01,8.749849865334594634e-01,1.437638462901561942e+00,9.911366940131834946e-01,-4.303467427279658586e-02
2.280000000000000082e-01,6.028888220763409800e-01,2.155183826278657400e-01,8.750056457417654254e-01,1.437952259154898771e+00,9.908126424464683835e-01,-4.316895256650840618e-02
2.300000000000000100e-01,6.029408576680824750e-01,2.153654302153349687e-01,8.750257186922536512e-01,1.438266021041625597e+00,9.904818612973180780e-01,-4.339403816853630580e-02
2.320000000000000118e-01,6.029930393451360393e-01,2.152085879089861709e-01,8.750460772807214793e-01,1.438579745804379195e+00,9.901444492293194344e-01,-4.342328101420817044e-02
2.340000000000000135e-01,6.030453466625467218e-01,2.150454215635372868e-01,8.750674747417227506e-01,1.438893430710296517e+00,9.898005057826970710e-01,-4.306178624405689048e-02
2.360000000000000153e-01,6.030977602617012545e-01,2.148822773579719125e-01,8.750899852913279764e-01,1.439207073052612529e+00,9.894501323803643889e-01,-4.243840928297095555e-02
2.380000000000000171e-01,6.031502617523197829e-01,2.147191566858267231e-01,8.751130092725309950e-01,1.439520670152273363e+00,9.890934325483543565e-01,-4.186233293862555438e-02
2.399999999999999911e-01,6.032028338959836145e-01,2.145560609257144147e-01,8.751356601443183170e-01,1.439834219358916423e+00,9.887305101063905699e-01,-4.152938006981125169e-02
2.419999999999999929e-01,6.032554606509764605e-01,2.143929914410057924e-01,8.751572102184630442e-01,1.440147718051481229e+00,9.883614682108360361e-01,-4.147735910631403927e-02
2.439999999999999947e-01,6.033081270064059032e-01,2.142299495794585396e-01,8.751774978640565195e-01,1.440461163638923514e+00,9.879864098747619394e-01,-4.168681205929083283e-02
2.459999999999999964e-01,6.033608190477083300e-01,2.140669366730538203e-01,8.751971164080150078e-01,1.440774553560528970e+00,9.876054369067289729e-01,-4.204610390364440370e-02
2.479999999999999982e-01,6.034135243666955972e-01,2.139039540384857496e-01,8.752171169828164565e-01,1.441087885284972447e+00,9.872186462568063314e-01,-4.228877557028586087e-02
2.500000000000000000e-01,6.034662323693584796e-01,2.137410029782335907e-01,8.752383576003265331e-01,1.441401156308256715e+00,9.868261268619153981e-01,-4.213835896179957824e-02
2.520000000000000018e-01,6.035189342233003851e-01,2.135780847817883854e-01,8.752610058904868318e-01,1.441714364151354122e+00,9.864279590354690930e-01,-4.154878369993702386e-02
2.540000000000000036e-01,6.035716227126403099e-01,2.134152007269052576e-01,8.752845019853472408e-01,1.442027506357799194e+00,9.860242146093102233e-01,-4.076204998366699667e-02
2.560000000000000053e-01,6.036242922277620382e-01,2.132523520810400697e-01,8.753079046638916338e-01,1.442340580490926616e+00,9.856149561195056696e-01,-4.013517881874049953e-02
2.580000000000000071e-01,6.036769387622661354e-01,2.130895401029797298e-01,8.753304058981575819e-01,1.442653584130737077e+00,9.852002359475029447e-01,-3.990703907411829315e-02
2.600000000000000089e-01,6.037295598232548244e-01,2.129267660445422483e-01,8.753517358079475619e-01,1.442966514870628769e+00,9.847800961665295061e-01,-4.008314548518069481e-02
2.620000000000000107e-01,6.037821543729402496e-01,2.127640311523771866e-01,8.753721888550891617e-01,1.443279370313936161e+00,9.843545681974545936e-01,-4.049321468841663579e-02
2.640000000000000124e-01,6.038347228215241724e-01,2.126013366699324170e-01,8.753923194472421621e-01,1.443592148070149017e+00,9.839236720861189722e-01,-4.091231557299862542e-02
2.660000000000000142e-01,6.038872669251831304e-01,2.124386838394428934e-01,8.754126546703735468e-01,1.443904845751088795e+00,9.834874165853667582e-01,-4.112613284581807804e-02
2.680000000000000160e-01,6.039397895857230303e-01,2.122760739037801714e-01,8.754335907503987269e-01,1.444217460967353261e+00,9.830458001408390878e-01,-4.098671382864263468e-02
2.700000000000000178e-01,6.039922947728439961e-01,2.121135081083190266e-01,8.754553351030707198e-01,1.444529991324727591e+00,9.825988109595255038e-01,-4.050383107301507024e-02
2.720000000000000195e-01,6.040447876872456767e-01,2.119509877031809375e-01,8.754778408758043806e-01,1.444842434419871591e+00,9.821464250446522160e-01,-3.984632165327296055e-02
2.740000000000000213e-01,6.040972749330639768e-01,2.117885139458929311e-01,8.755008488573423620e-01,1.445154787835208010e+00,9.816886040517363021e-01,-3.921726102508410472e-02
2.760000000000000231e-01,6.041497644080846552e-01,2.116260881040338548e-01,8.755240123996148593e-01,1.445467049133835058e+00,9.812252955483936612e-01,-3.877505939609818264e-02
2.780000000000000249e-01,6.042022650265826966e-01,2.114637114575817767e-01,8.755469629760247452e-01,1.445779215855013788e+00,9.807564348518519326e-01,-3.862575381098742877e-02
2.800000000000000266e-01,6.042547865712158961e-01,2.113013853011349308e-01,8.755693413197935815e-01,1.446091285509897961e+00,9.802819458708573741e-01,-3.874771103080244805e-02
2.820000000000000284e-01,6.043073395256980396e-01,2.111391109459515303e-01,8.755909150088534432e-01,1.446403255577612956e+00,9.798017422191281911e-01,-3.895201561351030461e-02
2.840000000000000302e-01,6.043599345741343942e-01,2.109768897212239425e-01,8.756117337657560729e-01,1.446715123502805955e+00,9.793157315317496669e-01,-3.905696342325768594e-02
2.860000000000000320e-01,6.044125821005568167e-01,2.108147229745154783e-01,8.756321574889629478e-01,1.447026886694806169e+00,9.788238200895087449e-01,-3.906161305068447942e-02
2.880000000000000338e-01,6.044652922839260922e-01,2.106526120723240803e-01,8.756527042953486939e-01,1.447338542526541483e+00,9.783259120950476007e-01,-3.904669764643474428e-02
2.899999999999999800e-01,6.045180755905665837e-01,2.104905584014834241e-01,8.756738212879686678e-01,1.447650088331844387e+00,9.778219050731634665e-01,-3.900230161713535981e-02
2.919999999999999818e-01,6.045709429853203254e-01,2.103285633709710278e-01,8.756957204982223075e-01,1.447961521401976315e+00,9.773116876963654498e-01,-3.886402945233136119e-02
2.939999999999999836e-01,6.046239057615642176e-01,2.101666284134652840e-01,8.757183503689150994e-01,1.448272838982634036e+00,9.767951412173421222e-01,-3.862475913002000327e-02
2.959999999999999853e-01,6.046769753014599180e-01,2.100047549864997309e-01,8.757414813070136805e-01,1.448584038271730767e+00,9.762721416963306975e-01,-3.831544828577190809e-02
2.979999999999999871e-01,6.047301627793457701e-01,2.098429445730770615e-01,8.757648487620649513e-01,1.448895116418215556e+00,9.757425629432330272e-01,-3.794418326870147018e-02
2.999999999999999889e-01,6.047834787684051028e-01,2.096811986815199369e-01,8.757882660204076020e-01,1.449206070522360168e+00,9.752062806173099618e-01,-3.752501681953876456e-02
3.019999999999999907e-01,6.048369330184351078e-01,2.095195188448287227e-01,8.758115985002299375e-01,1.449516897636993873e+00,9.746631748179456212e-01,-3.713889822294431931e-02
3.039999999999999925e-01,6.048905345635876563e-01,2.093579066201490813e-01,8.758346392497747823e-01,1.449827594768527073e+00,9.741131294060729751e-01,-3.691456641174267750e-02
3.059999999999999942e-01,6.049442919604480773e-01,2.091963635886171791e-01,8.758570984319835606e-01,1.450138158877248618e+00,9.735560299009340390e-01,-3.692164992896289355e-02
3.079999999999999960e-01,6.049982134261571165e-01,2.090348913554196109e-01,8.758787629210665893e-01,1.450448586877210788e+00,9.729917622818138323e-01,-3.710305940301782124e-02
3.099999999999999978e-01,6.050523067974785674e-01,2.088734915497318656e-01,8.758996254269079129e-01,1.450758875636347645e+00,9.724202136059357793e-01,-3.735292942988869408e-02
3.119999999999999996e-01,6.051065793773210411e-01,2.087121658243022426e-01,8.759198989148977432e-01,1.451069021977274831e+00,9.718412738569545128e-01,-3.761382820346578088e-02
3.140000000000000013e-01,6.051610378501155463e-01,2.085509158547998732e-01,8.759400116614501908e-01,1.451379022678543018e+00,9.712548371412975667e-01,-3.783350595737528660e-02
3.160000000000000031e-01,6.052156882582264696e-01,2.083897433390415610e-01,8.759605082951863464e-01,1.451688874476124269e+00,9.706608022690172977e-01,-3.792134954129328800e-02
3.180000000000000049e-01,6.052705358023812154e-01,2.082286499957269055e-01,8.759817593452493556e-01,1.451998574065843872e+00,9.700590752882589651e-01,-3.784869612144929618e-02
3.200000000000000067e-01,6.053255845906738708e-01,2.080676375625452879e-01,8.760037659423026701e-01,1.452308118107019430e+00,9.694495727126524187e-01,-3.768195757510559019e-02
3.220000000000000084e-01,6.053808378046084959e-01,2.079067077945070952e-01,8.760263445701496066e-01,1.452617503225669182e+00,9.688322202200426725e-01,-3.742981507428425059e-02
3.240000000000000102e-01,6.054362981718195424e-01,2.077458624631834672e-01,8.760494075149207749e-01,1.452926726015973724e+00,9.682069477772383692e-01,-3.699822830865730910e-02
3.260000000000000120e-01,6.054919680836539086e-01,2.075851033561454395e-01,8.760729325882955498e-01,1.453235783041353812e+00,9.675736885357379968e-01,-3.636715226835703085e-02
3.280000000000000138e-01,6.055478492952540703e-01,2.074244322757038683e-01,8.760967496725192705e-01,1.453544670836893316e+00,9.669323824686055779e-01,-3.567301241108704335e-02
3.300000000000000155e-01,6.056039428096287036e-01,2.072638510373147336e-01,8.761204847688031094e-01,1.453853385912404761e+00,9.662829780496409171e-01,-3.508859071327222190e-02
3.320000000000000173e-01,6.056602491076261696e-01,2.071033614684107682e-01,8.761436804553935920e-01,1.454161924754675539e+00,9.656254299455325762e-01,-3.473822926839761210e-02
3.340000000000000191e-01,6.057167683348320120e-01,2.069429654075939928e-01,8.761659498510854238e-01,1.454470283829020216e+00,9.649596970779905636e-01,-3.468836793213103675e-02
3.360000000000000209e-01,6.057735003558654130e-01,2.067826647039107124e-01,8.761871188149213951e-01,1.454778459580674310e+00,9.642857421544210883e-01,-3.489377662268441233e-02
3.380000000000000226e-01,6.058304449045801565e-01,2.066224612164400398e-01,8.762073153437656137e-01,1.455086448435585655e+00,9.636035300116829738e-01,-3.519652405297042652e-02
3.400000000000000244e-01,6.058876017538064040e-01,2.064623568142606724e-01,8.762269427978696124e-01,1.455394246800477687e+00,9.629130256318159109e-01,-3.545512920358351305e-02
3.420000000000000262e-01,6.059449706327425522e-01,2.063023533762259054e-01,8.762465348709480573e-01,1.455701851063282648e+00,9.622141951418714534e-01,-3.563415384273990044e-02
3.440000000000000280e-01,6.060025509917825737e-01,2.061424527901694059e-01,8.762665301243967031e-01,1.456009257594667927e+00,9.615070087448694958e-01,-3.576958317509841556e-02
3.460000000000000298e-01,6.060603420162549160e-01,2.059826569521101824e-01,8.762870830783108245e-01,1.456316462749564833e+00,9.607914406975248678e-01,-3.590953439260489988e-02
3.480000000000000315e-01,6.061183429943680645e-01,2.058229677663181989e-01,8.763081008626011359e-01,1.456623462867042251e+00,9.600674648401626987e-01,-3.605340108817048361e-02
3.500000000000000333e-01,6.061765536504462037e-01,2.056633871462087704e-01,8.763294838483929317e-01,1.456930254268587355e+00,9.593350503437781951e-01,-3.610528292968643443e-02
3.519999999999999796e-01,6.062349740711586721e-01,2.055039170151016226e-01,8.763512772267363360e-01,1.457236833256646102e+00,9.585941624395805105e-01,-3.594934150922447780e-02
3.539999999999999813e-01,6.062936043746006698e-01,2.053445593061939134e-01,8.763735967120331871e-01,1.457543196114675421e+00,9.578447664930890282e-01,-3.558306216494934449e-02
3.559999999999999831e-01,6.063524445527884721e-01,2.051853159621355449e-01,8.763965042908868908e-01,1.457849339107959219e+00,9.570868300341187629e-01,-3.510558555592174085e-02
3.579999999999999849e-01,6.064114946066808676e-01,2.050261889349327959e-01,8.764199478919367792e-01,1.458155258483794237e+00,9.563203210689688039e-01,-3.460218373487641830e-02
3.599999999999999867e-01,6.064707547301141366e-01,2.048545495043244125e-01,8.764437071179267402e-01,1.458460950470769513e+00,9.555452056697346652e-01,-3.411223102336486540e-02
3.619999999999999885e-01,6.065302253357003348e-01,2.046826200865804468e-01,8.764673992884419729e-01,1.458766411277877983e+00,9.547614475449741622e-01,-3.366240345584303045e-02
3.639999999999999902e-01,6.065899069478870587e-01,2.045108229340621420e-01,8.764906637833508318e-01,1.459071637094121465e+00,9.539690093658914627e-01,-3.327330654857788700e-02
3.659999999999999920e-01,6.066498001382845118e-01,2.043391602031011667e-01,8.765133919172118926e-01,1.459376624088423169e+00,9.531678535889210879e-01,-3.296864189382260613e-02
3.679999999999999938e-01,6.067099056200973006e-01,2.041676340616550289e-01,8.765357317044214502e-01,1.459681368409051050e+00,9.523579411651115212e-01,-3.277592297721063780e-02
3.699999999999999956e-01,6.067702243323312983e-01,2.039962466898916083e-01,8.765578593272734809e-01,1.459985866182579306e+00,9.515392303333770618e-01,-3.268107990521589012e-02
3.719999999999999973e-01,6.068307572551785434e-01,2.038250002802582950e-01,8.765797768690262171e-01,1.460290113513765586e+00,9.507116790530184547e-01,-3.264052501955814339e-02
3.739999999999999991e-01,6.068915051324726972e-01,2.036538970367328671e-01,8.766013004884299908e-01,1.460594106486881927e+00,9.498752488293418228e-01,-3.267514654391776713e-02
3.760000000000000009e-01,6.069524685401984643e-01,2.034829391742464522e-01,8.766221772686387803e-01,1.460897841166739930e+00,9.490299038863757586e-01,-3.284887684517497769e-02
3.780000000000000027e-01,6.070136482115200405e-01,2.033121289190596981e-01,8.766422561632079002e-01,1.461201313598022411e+00,9.481756067044297964e-01,-3.311786961006994712e-02
3.800000000000000044e-01,6.070750450731443593e-01,2.031414685092666206e-01,8.766616844404487852e-01,1.461504519804388336e+00,9.473123174408816238e-01,-3.332965347061293132e-02
3.820000000000000062e-01,6.071366599335162872e-01,2.029709601943662234e-01,8.766809648814489764e-01,1.461807455789233767e+00,9.464399982765316910e-01,-3.340463137430454976e-02
3.840000000000000080e-01,6.071984933416004759e-01,2.028006062343826188e-01,8.767006994047481516e-01,1.462110117537255283e+00,9.455586155033610662e-01,-3.338975397260404016e-02
3.860000000000000098e-01,6.072605458036983705e-01,2.026304088996228325e-01,8.767212091771365845e-01,1.462412501014880073e+00,9.446681365381731643e-01,-3.332211006272519510e-02
3.880000000000000115e-01,6.073228179487512035e-01,2.024603704709442287e-01,8.767424166977656474e-01,1.462714602169790989e+00,9.437685275571552346e-01,-3.317793213958041693e-02
3.900000000000000133e-01,6.073853103453480395e-01,2.022904932394567756e-01,8.767640264105656112e-01,1.463016416931455455e+00,9.428597561170408703e-01,-3.296665777660436752e-02
3.920000000000000151e-01,6.074480231812107167e-01,2.021207795051976064e-01,8.767857560610403667e-01,1.463317941213480244e+00,9.419417959009546149e-01,-3.274481355608433591e-02
3.940000000000000169e-01,6.075109561419619331e-01,2.019512315753666798e-01,8.768075172291084352e-01,1.463619170916746315e+00,9.410146287011534882e-01,-3.251361088173207459e-02
3.960000000000000187e-01,6.075741085520366402e-01,2.017818517629544894e-01,8.768294948258369415e-01,1.463920101931846629e+00,9.400782425694954592e-01,-3.220049091204894853e-02
3.980000000000000204e-01,6.076374795927715899e-01,2.016126423860316319e-01,8.768519759847164252e-01,1.464220730140348703e+00,9.391326287303548570e-01,-3.177498261407328550e-02
4.000000000000000222e-01,6.077010683899898291e-01,2.014436057673064384e-01,8.768750384570501710e-01,1.464521051415580200e+00,9.381777803343854805e-01,-3.133053968031859066e-02
4.020000000000000240e-01,6.077648739410103085e-01,2.012747442334330006e-01,8.768984698596475891e-01,1.464821061623858611e+00,9.372136935958501613e-01,-3.101339746811243234e-02
4.040000000000000258e-01,6.078288950814108027e-01,2.011060601141914095e-01,8.769219611990507479e-01,1.465120756625947429e+00,9.362403683640037055e-01,-3.086915714273407926e-02
4.060000000000000275e-01,6.078931306680356306e-01,2.009375557422599934e-01,8.769452830894387541e-01,1.465420132277461152e+00,9.352578053942153247e-01,-3.078461509315781955e-02
4.080000000000000293e-01,6.079575797946494831e-01,2.007692334537151124e-01,8.769683524808566943e-01,1.465719184427976884e+00,9.342660030124283477e-01,-3.060589510812461791e-02
4.100000000000000311e-01,6.080222416949293551e-01,2.006010955882293889e-01,8.769912405017386003e-01,1.466017908920682622e+00,9.332649585149742633e-01,-3.028423062158130258e-02
4.120000000000000329e-01,6.080871154101724629e-01,2.004331444881487789e-01,8.770140377497167572e-01,1.466316301594016602e+00,9.322546732977354811e-01,-2.988130500519254121e-02
4.140000000000000346e-01,6.081521996326714197e-01,2.002653824970063723e-01,8.770366439120923507e-01,1.466614358284307862e+00,9.312351554080976479e-01,-2.951262268170190203e-02
4.160000000000000364e-01,6.082174927460896052e-01,2.000978119581334203e-01,8.770587695838818476e-01,1.466912074828244261e+00,9.302064190679941724e-01,-2.933506989537358958e-02
4.179999999999999827e-01,6.082829927497347411e-01,1.999304352129691320e-01,8.770801607899036956e-01,1.467209447065874972e+00,9.291684860174863614e-01,-2.946254100567689480e-02
4.199999999999999845e-01,6.083486971792162468e-01,1.997632545990456754e-01,8.771007702850549537e-01,1.467506470844190725e+00,9.281213869545852369e-01,-2.980881040565629830e-02
4.219999999999999862e-01,6.084146033692910960e-01,1.995962724488483664e-01,8.771207850250790639e-01,1.467803142019148854e+00,9.270651575153073809e-01,-3.013129705279577256e-02
4.239999999999999880e-01,6.084807088244272855e-01,1.994294910899720996e-01,8.771405575938215904e-01,1.468099456455395302e+00,9.259998323687912425e-01,-3.027430615373517472e-02
4.259999999999999898e-01,6.085470112493771566e-01,1.992629128454077025e-01,8.771604025020095508e-01,1.468395410025755909e+00,9.249254446377545014e-01,-3.025269847481917504e-02
4.279999999999999916e-01,6.086135084119984606e-01,1.990965400333578050e-01,8.771803634404240491e-01,1.468690998611563492e+00,9.238420280438963683e-01,-3.015090220659000925e-02
4.299999999999999933e-01,6.086801981677015805e-01,1.989303749671500476e-01,8.772002269162355592e-01,1.468986218102812158e+00,9.227496164716729732e-01,-3.010404762374449539e-02
4.319999999999999951e-01,6.087470784639229526e-01,1.987644199551769630e-01,8.772198044052638144e-01,1.469281064398263892e+00,9.216482438490068985e-01,-3.025341818436557556e-02
4.339999999999999969e-01,6.088141471749858313e-01,1.985986773002409167e-01,8.772392039010162845e-01,1.469575533406612733e+00,9.205379468410058719e-01,-3.053142786074576620e-02
4.359999999999999987e-01,6.088814020072630395e-01,1.984331492985413337e-01,8.772588584000486911e-01,1.469869621048283781e+00,9.194187664561818130e-01,-3.065627132271611308e-02
4.380000000000000004e-01,6.089488405076830535e-01,1.982678382386756366e-01,8.772792783764192803e-01,1.470163323257208443e+00,9.182907479672058892e-01,-3.048436596643885541e-02
4.400000000000000022e-01,6.090164600240726145e-01,1.981027464004755378e-01,8.773007135472696838e-01,1.470456635982891669e+00,9.171539416371565778e-01,-3.015352421768601604e-02
4.420000000000000040e-01,6.090842578413117048e-01,1.979378760543354931e-01,8.773230248758331351e-01,1.470749555191605440e+00,9.160084004859426754e-01,-2.981833344162563085e-02
4.440000000000000058e-01,6.091522316074536869e-01,1.977732294621492581e-01,8.773458342721538461e-01,1.471042076864724546e+00,9.148541730501170699e-01,-2.952136376755870942e-02
4.460000000000000075e-01,6.092203795121986509e-01,1.976088088789687836e-01,8.773687553955463736e-01,1.471334196995779386e+00,9.136913001649815680e-01,-2.931365754086606712e-02
4.480000000000000093e-01,6.092886999207117737e-01,1.974446165533229880e-01,8.773916164266537532e-01,1.471625911589889535e+00,9.125198210224531037e-01,-2.919726856547027322e-02
4.500000000000000111e-01,6.093571910211939002e-01,1.972806547261995169e-01,8.774146216296633272e-01,1.471917216665572958e+00,9.113397791759170197e-01,-2.899936023923006118e-02
4.520000000000000129e-01,6.094258508924281781e-01,1.971169256302711392e-01,8.774381959487314031e-01,1.472208108256120251e+00,9.101512214311504589e-01,-2.855041429498406808e-02
4.540000000000000147e-01,6.094946776280935063e-01,1.969534314895955707e-01,8.774625189950675530e-01,1.472498582410128209e+00,9.089541957129059213e-01,-2.789614210231079056e-02
4.560000000000000164e-01,6.095636692551429370e-01,1.967901745189997997e-01,8.774872736915947380e-01,1.472788635192593398e+00,9.077487524766953975e-01,-2.721165246118427417e-02
4.580000000000000182e-01,6.096328237509617276e-01,1.966271569235274463e-01,8.775118754051920433e-01,1.473078262685894257e+00,9.065349444214860775e-01,-2.666661533450441490e-02
4.600000000000000200e-01,6.097021393208540418e-01,1.964643808989804397e-01,8.775358160727374512e-01,1.473367460988828537e+00,9.053128215930609235e-01,-2.639245109332798156e-02
4.620000000000000218e-01,6.097716145974043656e-01,1.963018486332816781e-01,8.775588509752418886e-01,1.473656226214192344e+00,9.040824277428954892e-01,-2.638400080926023988e-02
4.640000000000000235e-01,6.098412484916898579e-01,1.961395623072889616e-01,8.775811028179769657e-01,1.473944554487334191e+00,9.028438028023788586e-01,-2.646017362511197610e-02
4.660000000000000253e-01,6.099110399282455797e-01,1.959775240945741681e-01,8.776030043453850737e-01,1.474232441946547123e+00,9.015969875107300302e-01,-2.643703107130683863e-02
4.680000000000000271e-01,6.099809878586593959e-01,1.958157361612609948e-01,8.776249645119229559e-01,1.474519884743357157e+00,9.003420231569869703e-01,-2.623988369087565387e-02
4.700000000000000289e-01,6.100510915106679422e-01,1.956542006668777756e-01,8.776470286169417712e-01,1.474806879041008045e+00,8.990789470637418068e-01,-2.585808798057789848e-02
4.720000000000000306e-01,6.101213504336998605e-01,1.954929197654261819e-01,8.776688408174149192e-01,1.475093421012562578e+00,8.978077916494023869e-01,-2.539653288959429350e-02
4.740000000000000324e-01,6.101917642168814826e-01,1.953318956053274602e-01,8.776898708127898185e-01,1.475379506840998056e+00,8.965285894352810203e-01,-2.510515799793730518e-02
4.760000000000000342e-01,6.102623322703646380e-01,1.951711303284716092e-01,8.777097540240536011e-01,1.475665132720895611e+00,8.952413770227214407e-01,-2.514440105621444654e-02
4.780000000000000360e-01,6.103330538842659525e-01,1.950106260694944305e-01,8.777285743201334034e-01,1.475950294859724732e+00,8.939461940717051691e-01,-2.542076751374131721e-02
4.799999999999999822e-01,6.104039283286486484e-01,1.948503849554591993e-01,8.777468339368176276e-01,1.476234989478408588e+00,8.926430814958211668e-01,-2.575781203249182319e-02
4.819999999999999840e-01,6.104749548639245571e-01,1.946904091055819686e-01,8.777651202407417141e-01,1.476519212811812309e+00,8.913320812695970652e-01,-2.603671390992334800e-02
4.839999999999999858e-01,6.105461327794954318e-01,1.945307006311189635e-01,8.777838237274704358e-01,1.476802961108943046e+00,8.900132357067915834e-01,-2.614468367552006886e-02
4.859999999999999876e-01,6.106174614299102466e-01,1.943712616354108247e-01,8.778030559742836525e-01,1.477086230632871144e+00,8.886865867684402565e-01,-2.603107228855974092e-02
4.879999999999999893e-01,6.106889401898026870e-01,1.942120942137443573e-01,8.778226298971255614e-01,1.477369017660975947e+00,8.873521768750967098e-01,-2.581004608443858081e-02
4.899999999999999911e-01,6.107605684681538527e-01,1.940532004532775634e-01,8.778421514512734225e-01,1.477651318485079024e+00,8.860100486244544271e-01,-2.563860256908986890e-02
4.919999999999999929e-01,6.108323458222867375e-01,1.938908372584084161e-01,8.778613268138070191e-01,1.477933129410702318e+00,8.846602426243594941e-01,-2.557580113595108937e-02
4.939999999999999947e-01,6.109042719314340397e-01,1.937157991933657342e-01,8.778802134295383697e-01,1.478214446756501932e+00,8.833027979351503189e-01,-2.563127736605038884e-02
4.959999999999999964e-01,6.109763463414528140e-01,1.935410705194643144e-01,8.778991187969404919e-01,1.478495266855633261e+00,8.819377568658915978e-01,-2.578333365907725314e-02
4.979999999999999982e-01,6.110485682318904654e-01,1.933666535072482151e-01,8.779183445865397228e-01,1.478775586058927560e+00,8.805651694465125301e-01,-2.592575722792552981e-02
5.000000000000000000e-01,6.111209364601176697e-01,1.931925504144637873e-01,8.779381300899256058e-01,1.479055400737784298e+00,8.791850926960386170e-01,-2.594282400612572814e-02
5.020000000000000018e-01,6.111934498667763727e-01,1.930187634857049028e-01,8.779587370385575351e-01,1.479334707284741368e+00,8.777975848610727327e-01,-2.578843965581539138e-02
5.040000000000000036e-01,6.112661075319871795e-01,1.928452949532990790e-01,8.779803760838152948e-01,1.479613502112050893e+00,8.764027004815485578e-01,-2.543086238800976520e-02
5.060000000000000053e-01,6.113389086748272083e-01,1.926721470377324164e-01,8.780029824995020382e-01,1.479891781650996219e+00,8.750004922421594777e-01,-2.488267182340589065e-02
5.080000000000000071e-01,6.114118523743442557e-01,1.924993219467276695e-01,8.780261641236735137e-01,1.480169542353373613e+00,8.735910163174488430e-01,-2.431254261826856777e-02
5.100000000000000089e-01,6.114849375707619439e-01,1.923268218743181268e-01,8.780494272609243867e-01,1.480446780692980857e+00,8.721743323804204140e-01,-2.393057362554180251e-02
5.120000000000000107e-01,6.115581633042338483e-01,1.921546490010851704e-01,8.780724152934575866e-01,1.480723493165235327e+00,8.707504989827898889e-01,-2.376123918883528072e-02
5.140000000000000124e-01,6.116315287486544516e-01,1.919828054945751927e-01,8.780950143265037200e-01,1.480999676286503863e+00,8.693195728518362531e-01,-2.366443143673992860e-02
5.160000000000000142e-01,6.117050330021903681e-01,1.918112935086942750e-01,8.781174406685046119e-01,1.481275326595075770e+00,8.678816129427571191e-01,-2.350800225543445837e-02
5.180000000000000160e-01,6.117786749358141707e-01,1.916401151823448334e-01,8.781402155884669991e-01,1.481550440653353951e+00,8.664366834252003047e-01,-2.322789132194909636e-02
5.200000000000000178e-01,6.118524532134971272e-01,1.914692726381466148e-01,8.781638161794889097e-01,1.481825015049910377e+00,8.649848533376057746e-01,-2.281347712200376687e-02
5.220000000000000195e-01,6.119263665333485314e-01,1.912987679823493492e-01,8.781882841733902323e-01,1.482099046399626641e+00,8.635261918653671653e-01,-2.228686519894345144e-02
5.240000000000000213e-01,6.120004140458543684e-01,1.911286033068550216e-01,8.782132445561736667e-01,1.482372531340443667e+00,8.620607600266274595e-01,-2.167466725005163034e-02
5.260000000000000231e-01,6.120745954600277372e-01,1.909587806918182917e-01,8.782381772959952926e-01,1.482645466529182388e+00,8.605886084236138434e-01,-2.105508406859996420e-02
5.280000000000000249e-01,6.121489105715456347e-01,1.907893022059103105e-01,8.782625744094563203e-01,1.482917848641119862e+00,8.591097864827066388e-01,-2.059715724043633539e-02
5.300000000000000266e-01,6.122233588972475493e-01,1.906201699047361808e-01,8.782860943056242098e-01,1.483189674372532574e+00,8.576243497257700632e-01,-2.040534515560952708e-02
5.320000000000000284e-01,6.122979399489114627e-01,1.904513858306256802e-01,8.783087965553020293e-01,1.483460940441032827e+00,8.561323543512185941e-01,-2.038390256293757044e-02
5.340000000000000302e-01,6.123726535252544956e-01,1.902829520139175390e-01,8.783310868722015163e-01,1.483731643583504622e+00,8.546338513614619714e-01,-2.039935433457413030e-02
5.360000000000000320e-01,6.124474995033980518e-01,1.901148704732003314e-01,8.783532968909480987e-01,1.484001780555716632e+00,8.531288906789697979e-01,-2.044609720236162387e-02
5.380000000000000338e-01,6.125224776863003040e-01,1.899471432147782912e-01,8.783754136581769512e-01,1.484271348133180624e+00,8.516175241982562039e-01,-2.051861568060125984e-02
5.400000000000000355e-01,6.125975880566116860e-01,1.897797722334405857e-01,8.783972275788428652e-01,1.484540343109915117e+00,8.500998006610827051e-01,-2.050771054523463713e-02
5.420000000000000373e-01,6.126728308824516134e-01,1.896127595137948318e-01,8.784186024165727691e-01,1.484808762296302209e+00,8.485757634605329836e-01,-2.034639676859792412e-02
5.440000000000000391e-01,6.127482064735224609e-01,1.894461070303581074e-01,8.784395790405822302e-01,1.485076602518941247e+00,8.470454555245519046e-01,-2.008614501709404809e-02
5.460000000000000409e-01,6.128237150683258916e-01,1.892798167470660098e-01,8.784602959381454523e-01,1.485343860621437972e+00,8.455089215998194963e-01,-1.977705489457340371e-02
5.480000000000000426e-01,6.128993568574016004e-01,1.891138906168982892e-01,8.784808273381179422e-01,1.485610533465006045e+00,8.439662077895925263e-01,-1.944739272701624319e-02
5.500000000000000444e-01,6.129751317822369483e-01,1.889483305804500191e-01,8.785010750769982613e-01,1.485876617930763643e+00,8.424173656746678507e-01,-1.921144397911982854e-02
5.520000000000000462e-01,6.130510394582289191e-01,1.887831385640818538e-01,8.785207809412818314e-01,1.486142110922705983e+00,8.408624539426984290e-01,-1.922856258073270957e-02
5.540000000000000480e-01,6.131270797021354246e-01,1.886183164808230284e-01,8.785396513683630948e-01,1.486407009366254472e+00,8.393015276125541657e-01,-1.952162529741675867e-02
5.560000000000000497e-01,6.132032530726466701e-01,1.884538662341414261e-01,8.785576157891178406e-01,1.486671310202197116e+00,8.377346268510330596e-01,-1.992500520975570844e-02
5.580000000000000515e-01,6.132795605715452014e-01,1.882897897201876170e-01,8.785750581306200901e-01,1.486935010383082290e+00,8.361617829771783583e-01,-2.023468448985190835e-02
5.600000000000000533e-01,6.133560028814892817e-01,1.881260888260286313e-01,8.785926569711614009e-01,1.487198106876057135e+00,8.345830341277382658e-01,-2.036617889317232297e-02
5.620000000000000551e-01,6.134325801185915861e-01,1.879627654265458581e-01,8.786109102312159580e-01,1.487460596667853352e+00,8.329984304466747647e-01,-2.034129270369739936e-02
5.640000000000000568e-01,6.135092920978584274e-01,1.877998213827091478e-01,8.786298978700322060e-01,1.487722476767560975e+00,8.314080286856735391e-01,-2.017491542219807324e-02
5.660000000000000586e-01,6.135861384301772858e-01,1.876372585403508764e-01,8.786493909835959570e-01,1.487983744208598580e+00,8.298118902390549945e-01,-1.987304731217088422e-02
5.680000000000000604e-01,6.136631184761488500e-01,1.874750787286817988e-01,8.786689637842677314e-01,1.488244396051098706e+00,8.282100821346981556e-01,-1.952181372902687950e-02
5.700000000000000622e-01,6.137402316443978378e-01,1.873132837603947720e-01,8.786881663506677098e-01,1.488504429381741101e+00,8.266026708455894711e-01,-1.924859613806813655e-02
5.720000000000000639e-01,6.138174777448992536e-01,1.871518754336740642e-01,8.787068881751098903e-01,1.488763841310523306e+00,8.249897148849408834e-01,-1.909346422519725417e-02
5.740000000000000657e-01,6.138948567369179043e-01,1.869908555328737287e-01,8.787254483559162610e-01,1.489022628969670636e+00,8.233712700009924168e-01,-1.902394010928220441e-02
5.760000000000000675e-01,6.139723681787968568e-01,1.868302258262360405e-01,8.787441992436546556e-01,1.489280789517302805e+00,8.217474006792294672e-01,-1.903436911156443367e-02
5.779999999999999583e-01,6.140500112107742936e-01,1.866699880634947739e-01,8.787632448456790257e-01,1.489538320141285954e+00,8.201181805618317222e-01,-1.911887312910513781e-02
5.799999999999999600e-01,6.141277850038097119e-01,1.865101439758925506e-01,8.787825520502853260e-01,1.489795218059204895e+00,8.184836830642396865e-01,-1.920118366624733175e-02
5.819999999999999618e-01,6.142056890034862660e-01,1.863506952775281778e-01,8.788020327231624851e-01,1.490051480516197513e+00,8.168439762185037978e-01,-1.919001602810668436e-02
5.839999999999999636e-01,6.142837228778355030e-01,1.861916436664392271e-01,8.788215656473251647e-01,1.490307104783215042e+00,8.151991237177760308e-01,-1.906821956062174778e-02
5.859999999999999654e-01,6.143618864401626523e-01,1.860329908252789100e-01,8.788412414133035533e-01,1.490562088155934051e+00,8.135491865015876956e-01,-1.888355592624733903e-02
5.879999999999999671e-01,6.144401794989721166e-01,1.858747384211820175e-01,8.788614855139742499e-01,1.490816427954972045e+00,8.118942258992136729e-01,-1.868053002930662385e-02
5.899999999999999689e-01,6.145186016490342684e-01,1.857168881044901632e-01,8.788827033410170353e-01,1.491070121527936054e+00,8.102343080467032665e-01,-1.844599249872198865e-02
5.919999999999999707e-01,6.145971522960579358e-01,1.855594415076027015e-01,8.789049254490081120e-01,1.491323166251269594e+00,8.085695033836892698e-01,-1.811585460317386223e-02
5.939999999999999725e-01,6.146758308602375820e-01,1.854024002449409236e-01,8.789278735997061442e-01,1.491575559530310180e+00,8.068998823454203162e-01,-1.765716078290485366e-02
5.959999999999999742e-01,6.147546368183747223e-01,1.852457659131471479e-01,8.789511442479556180e-01,1.491827298798969137e+00,8.052255144530858777e-01,-1.712032136320726719e-02
5.979999999999999760e-01,6.148335696612815537e-01,1.850895400910556321e-01,8.789743106229761516e-01,1.492078381519778674e+00,8.035464692012294075e-01,-1.658180768739883626e-02
5.999999999999999778e-01,6.149126289945275881e-01,1.849337243402233710e-01,8.789971132035701018e-01,1.492328805183038565e+00,8.018628138976066078e-01,-1.609038174075089894e-02
6.019999999999999796e-01,6.149918145671067204e-01,1.847783202056275664e-01,8.790196132606591384e-01,1.492578567305695270e+00,8.001746130268312385e-01,-1.569880544227386654e-02
6.039999999999999813e-01,6.150711260663954683e-01,1.846233292152369421e-01,8.790420638023953570e-01,1.492827665432030937e+00,7.984819326020481389e-01,-1.547695011533054867e-02
6.059999999999999831e-01,6.151505630249723966e-01,1.844687528790650011e-01,8.790646835647439872e-01,1.493076097135184854e+00,7.967848421537236936e-01,-1.544736070940719817e-02
6.079999999999999849e-01,6.152301249931589888e-01,1.843145926891791575e-01,8.790876013601635064e-01,1.493323860017139015e+00,7.950834110440173630e-01,-1.551837089147417234e-02
6.099999999999999867e-01,6.153098115797622780e-01,1.841608501199397396e-01,8.791109276569192277e-01,1.493570951708333761e+00,7.933777075812745716e-01,-1.548510636880944154e-02
6.119999999999999885e-01,6.153896222147853257e-01,1.840075266269225740e-01,8.791348189092441645e-01,1.493817369869399503e+00,7.916678040894284951e-01,-1.514781656146724914e-02
6.139999999999999902e-01,6.154695560464367166e-01,1.838546236452622828e-01,8.791594271661690163e-01,1.494063112193819265e+00,7.899537791229689354e-01,-1.449730831574161556e-02
6.159999999999999920e-01,6.155496121152288502e-01,1.837021425889616699e-01,8.791847107642206671e-01,1.494308176409038680e+00,7.882357137415458848e-01,-1.373989057934076920e-02
6.179999999999999938e-01,6.156297893836734092e-01,1.835500848503670568e-01,8.792103368250783202e-01,1.494552560277309317e+00,7.865136908665475435e-01,-1.309729843694460577e-02
6.199999999999999956e-01,6.157100864614649671e-01,1.833984517981055440e-01,8.792358397463274633e-01,1.494796261599003584e+00,7.847878011811263432e-01,-1.265938700756107267e-02
6.219999999999999973e-01,6.157905014552346179e-01,1.832472447741722577e-01,8.792608084549270453e-01,1.495039278217296319e+00,7.830581463735939440e-01,-1.241453172571188417e-02
6.239999999999999991e-01,6.158710321351225092e-01,1.830964650919413295e-01,8.792849712101589166e-01,1.495281608021361341e+00,7.813248355680503243e-01,-1.226534347709936322e-02
6.260000000000000009e-01,6.159516759955437903e-01,1.829461140345136350e-01,8.793083434271942167e-01,1.495523248949027106e+00,7.795879840152583062e-01,-1.203578702248443190e-02
6.280000000000000027e-01,6.160324300319456325e-01,1.827961928518072598e-01,8.793312877876107159e-01,1.495764198991452520e+00,7.778477178972689199e-01,-1.163044229889389006e-02
6.300000000000000044e-01,6.161132906999976511e-01,1.826467027574112112e-01,8.793541793663944839e-01,1.496004456198184007e+00,7.761041752098386537e-01,-1.115861543833518606e-02
6.320000000000000062e-01,6.161942542134660750e-01,1.824976449271104584e-01,8.793770162670846435e-01,1.496244018679525611e+00,7.743574993333124379e-01,-1.080846631802838929e-02
6.340000000000000080e-01,6.162753166519802095e-01,1.823490204980236506e-01,8.793995082519149298e-01,1.496482884607925223e+00,7.726078366835038569e-01,-1.069101885472252024e-02
6.360000000000000098e-01,6.163564737525540904e-01,1.822008305665689387e-01,8.794214433912613815e-01,1.496721052221243520e+00,7.708553411843455105e-01,-1.081224007444401593e-02
6.380000000000000115e-01,6.164377209180005313e-01,1.820530761864793956e-01,8.794428784866857862e-01,1.496958519825943856e+00,7.691001740635745598e-01,-1.100918424956770156e-02
6.400000000000000133e-01,6.165190534001147027e-01,1.819057583678579670e-01,8.794641389355359884e-01,1.497195285798610831e+00,7.673424998667509600e-01,-1.095792497805665386e-02
6.420000000000000151e-01,6.166004660560092665e-01,1.817588780748608246e-01,8.794856662028499583e-01,1.497431348589673750e+00,7.655824916892858267e-01,-1.049256577109217159e-02
6.440000000000000169e-01,6.166819529898199814e-01,1.816040615955008819e-01,8.795076692141707841e-01,1.497666706730386821e+00,7.638203388954670769e-01,-9.851563306396256270e-03
6.460000000000000187e-01,6.167635079673344789e-01,1.814366385681668581e-01,8.795298842281356055e-01,1.497901358836036589e+00,7.620562381241317018e-01,-9.390514458023632022e-03
6.480000000000000204e-01,6.168451252394464568e-01,1.812697202241965733e-01,8.795517368522296486e-01,1.498135303601627610e+00,7.602903754282945847e-01,-9.196357618677496876e-03
6.500000000000000222e-01,6.169267996071353677e-01,1.811033074413476440e-01,8.795726832955135244e-01,1.498368539796936849e+00,7.585229248071045927e-01,-9.183103342614721068e-03
6.520000000000000240e-01,6.170085257908469734e-01,1.809374010434751379e-01,8.795924815790751028e-01,1.498601066267288395e+00,7.567540617991608265e-01,-9.319510786919180459e-03
6.540000000000000258e-01,6.170902980917918335e-01,1.807720017977842708e-01,8.796113839676489299e-01,1.498832881937404160e+00,7.549839707725254367e-01,-9.502082740209350648e-03
6.560000000000000275e-01,6.171721104711088701e-01,1.806071104126045490e-01,8.796300317057629270e-01,1.499063985814523381e+00,7.532128431713837058e-01,-9.451725108244003401e-03
6.580000000000000293e-01,6.172539565673227369e-01,1.804427275352884219e-01,8.796489205189020888e-01,1.499294376991347821e+00,7.514408770942309079e-01,-9.044107570023388748e-03
6.600000000000000311e-01,6.173358298136686351e-01,1.802788537508857314e-01,8.796679616525476808e-01,1.499524054647899618e+00,7.496682747068490471e-01,-8.585290668043758094e-03
6.620000000000000329e-01,6.174177239498137570e-01,1.801154895841730053e-01,8.796866059910918301e-01,1.499753018048677111e+00,7.478952311142046394e-01,-8.500938614429610907e-03
6.640000000000000346e-01,6.174996334547544485e-01,1.799526355045311110e-01,8.797042556167548044e-01,1.499981266535818536e+00,7.461219249411822352e-01,-8.856406663748353850e-03
6.660000000000000364e-01,6.175815533714604788e-01,1.797902919297013902e-01,8.797206453234992507e-01,1.500208799523837566e+00,7.443485220893530929e-01,-9.367927507810893881e-03
6.680000000000000382e-01,6.176634787351009681e-01,1.796284592258236279e-01,8.797361891037152049e-01,1.500435616499570246e+00,7.425751880799302818e-01,-9.751926833418600796e-03
6.700000000000000400e-01,6.177454040359344756e-01,1.794671377039739890e-01,8.797519559104740594e-01,1.500661717027027109e+00,7.408020996418472892e-01,-9.867219212634406600e-03
6.720000000000000417e-01,6.178273228806420159e-01,1.793063276144948870e-01,8.797689465703824041e-01,1.500887100755340153e+00,7.390294519938678253e-01,-9.659275689533081827e-03
6.740000000000000435e-01,6.179092280511769841e-01,1.791460291417160955e-01,8.797873069708965765e-01,1.501111767426161592e+00,7.372574575131145558e-01,-9.215602733310955183e-03
6.760000000000000453e-01,6.179911121514195527e-01,1.789862424029154686e-01,8.798063512595553082e-01,1.501335716875120463e+00,7.354863316850203114e-01,-8.798820103611857540e-03
6.780000000000000471e-01,6.180729684800843060e-01,1.788269674530068298e-01,8.798251922758232313e-01,1.501558949025252110e+00,7.337162741776998010e-01,-8.617946176106143150e-03
6.800000000000000488e-01,6.181547913623350876e-01,1.786682042914166935e-01,8.798432467860234363e-01,1.501781463877360334e+00,7.319474616504531017e-01,-8.631624312680996614e-03
6.820000000000000506e-01,6.182365756568276582e-01,1.785099528657522194e-01,8.798604781887923165e-01,1.502003261504876397e+00,7.301800584012946294e-01,-8.690416860280440053e-03
6.840000000000000524e-01,6.183183159917627902e-01,1.783522130704821018e-01,8.798774607862722696e-01,1.502224342055707984e+00,7.284142328548918188e-01,-8.704542687785003438e-03
6.860000000000000542e-01,6.184000064048772449e-01,1.781949847432715284e-01,8.798950223369539358e-01,1.502444705757375765e+00,7.266501652959085344e-01,-8.561849613363746794e-03
6.880000000000000560e-01,6.184816404164507064e-01,1.780382676618051940e-01,8.799135310155966616e-01,1.502664352921466273e+00,7.248880462361574351e-01,-8.139712368407993684e-03
6.900000000000000577e-01,6.185632111420894530e-01,1.778820615413600759e-01,8.799325131936834854e-01,1.502883283947033632e+00,7.231280739235333987e-01,-7.570145696074738126e-03
6.920000000000000595e-01,6.186447113297264266e-01,1.777263660326336425e-01,8.799510143363727943e-01,1.503101499323643564e+00,7.213704534883041974e-01,-7.247939075821362327e-03
6.940000000000000613e-01,6.187261334833884519e-01,1.775711807203954329e-01,8.799683156787929672e-01,1.503318999633263209e+00,7.196153942195732123e-01,-7.393900296336643717e-03
6.960000000000000631e-01,6.188074700371642978e-01,1.774165051232905188e-01,8.799844216335063196e-01,1.503535785550536685e+00,7.178631057671874816e-01,-7.798666733201050326e-03
6.980000000000000648e-01,6.188887134257748945e-01,1.772623386941181434e-01,8.800000840287686144e-01,1.503751857842394291e+00,7.161137965813125783e-01,-8.108523473944142038e-03
7.000000000000000666e-01,6.189698561362996232e-01,1.771086808204614116e-01,8.800164103408937288e-01,1.503967217367170317e+00,7.143676727635868140e-01,-8.160380868051051242e-03
7.020000000000000684e-01,6.190508908307259528e-01,1.769555308261302196e-01,8.800342807383728649e-01,1.504181865072580448e+00,7.126249354011817694e-01,-7.955572562299912526e-03
7.039999999999999591e-01,6.191318103568129727e-01,1.768028879726853964e-01,8.800539312306148165e-01,1.504395801993585691e+00,7.108857803125491204e-01,-7.546454462528227707e-03
7.059999999999999609e-01,6.192126075922076422e-01,1.766507514599540696e-01,8.800749325398402600e-01,1.504609029251670060e+00,7.091504013771467996e-01,-7.088382865740293533e-03
7.079999999999999627e-01,6.192932754289806052e-01,1.764991204264541036e-01,8.800965074990133585e-01,1.504821548054245728e+00,7.074189908411439021e-01,-6.813665499238789197e-03
7.099999999999999645e-01,6.193738070042176247e-01,1.763479939513336592e-01,8.801180013249152445e-01,1.505033359691934525e+00,7.056917343477114857e-01,-6.792317053090478167e-03
7.119999999999999662e-01,6.194541958154821115e-01,1.761973710570720608e-01,8.801392740426788874e-01,1.505244465534782750e+00,7.039688084575058680e-01,-6.829870672927063069e-03
7.139999999999999680e-01,6.195344355620278076e-01,1.760472507111475182e-01,8.801607293728765935e-01,1.505454867029923482e+00,7.022503840548455223e-01,-6.701186605883915556e-03
7.159999999999999698e-01,6.196145201062260854e-01,1.758976318274591832e-01,8.801829229031635782e-01,1.505664565699583735e+00,7.005366271700902425e-01,-6.352264495599902958e-03
7.179999999999999716e-01,6.196944437978668674e-01,1.757485132698684005e-01,8.802061241565891647e-01,1.505873563136121085e+00,6.988276920448134311e-01,-5.798231410826715573e-03
7.199999999999999734e-01,6.197742017769933831e-01,1.755998938577109092e-01,8.802301997022160540e-01,1.506081860994298083e+00,6.971237146926263506e-01,-5.025692870346516218e-03
7.219999999999999751e-01,6.198537899359197745e-01,1.754517723710564692e-01,8.802547416517740864e-01,1.506289460983910589e+00,6.954248137699152732e-01,-4.132055964018960074e-03
7.239999999999999769e-01,6.199332049138209788e-01,1.753041475559231899e-01,8.802792329117633541e-01,1.506496364862479620e+00,6.937310907542029170e-01,-3.386999503915985241e-03
7.259999999999999787e-01,6.200124445317147792e-01,1.751570181323124087e-01,8.803032559362963250e-01,1.506702574423990137e+00,6.920426207478426184e-01,-3.019580692495589091e-03
7.279999999999999805e-01,6.200915082699088865e-01,1.750103828053266586e-01,8.803267010549009619e-01,1.506908091483308398e+00,6.903594424350957270e-01,-3.045209158111230816e-03
7.299999999999999822e-01,6.201703971273064830e-01,1.748642402753431135e-01,8.803497661175082589e-01,1.507112917861923584e+00,6.886815612458551117e-01,-3.309501395359887039e-03
7.319999999999999840e-01,6.202491129841821715e-01,1.747185892440149546e-01,8.803727805443969379e-01,1.507317055379536530e+00,6.870089630579154782e-01,-3.557681753739920776e-03
7.339999999999999858e-01,6.203276581027615810e-01,1.745734284170097350e-01,8.803961224421164022e-01,1.507520505850221681e+00,6.853416249043767783e-01,-3.517892313229849070e-03
7.359999999999999876e-01,6.204060349415699838e-01,1.744287565055277489e-01,8.804202070709304939e-01,1.507723271080299021e+00,6.836795189713206211e-01,-3.094399177095263648e-03
7.379999999999999893e-01,6.204842461254772568e-01,1.742845722276163689e-01,8.804452862831174675e-01,1.507925352866491986e+00,6.820226132762998716e-01,-2.433891069129823486e-03
7.399999999999999911e-01,6.205622947655835553e-01,1.741408743115440139e-01,8.804711600130337157e-01,1.508126752991198805e+00,6.803708649436737144e-01,-1.731432389432280457e-03
7.419999999999999929e-01,6.206401853023139070e-01,1.739976615046121555e-01,8.804972170453527758e-01,1.508327473210141711e+00,6.787242024684833064e-01,-1.118516869807978853e-03
7.439999999999999947e-01,6.207179243101014210e-01,1.738549325871330264e-01,8.805228577622844499e-01,1.508527515232776839e+00,6.770825089090425353e-01,-7.552339977110549517e-04
7.459999999999999964e-01,6.207955204975491581e-01,1.737126863863467374e-01,8.805478653304479320e-01,1.508726880702788264e+00,6.754456221604129285e-01,-7.673097965873149724e-04
7.479999999999999982e-01,6.208729839109117243e-01,1.735709217851323094e-01,8.805724311981529828e-01,1.508925571185879333e+00,6.738133520164691914e-01,-1.018222220489274242e-03
7.500000000000000000e-01,6.209503249578088857e-01,1.734296377243711440e-01,8.805969948617001775e-01,1.509123588166459973e+00,6.721855009093299360e-01,-1.152215271664353393e-03
7.520000000000000018e-01,6.210275536906476601e-01,1.732888332006665699e-01,8.806220788526437637e-01,1.509320933050843028e+00,6.705618790554145336e-01,-9.099302086237877167e-04
7.540000000000000036e-01,6.211046794758270373e-01,1.731485072619265431e-01,8.806480211439757788e-01,1.509517607173435083e+00,6.689423113998387294e-01,-2.865188748668375950e-04
7.560000000000000053e-01,6.211817111496316102e-01,1.730086590039530692e-01,8.806746382037089482e-01,1.509713611801516864e+00,6.673266343063749551e-01,5.583764330528534188e-04
7.580000000000000071e-01,6.212586576561838214e-01,1.728692875711343446e-01,8.807012079475236010e-01,1.509908948134272899e+00,6.657146821740532738e-01,1.410622455049765061e-03
7.600000000000000089e-01,6.213355287576143304e-01,1.727303921616834270e-01,8.807269017879326700e-01,1.510103617295449396e+00,6.641062726383956116e-01,2.066885896671755152e-03
7.620000000000000107e-01,6.214123351761381420e-01,1.725919720337514840e-01,8.807512153917167463e-01,1.510297620324786205e+00,6.625012037476634141e-01,2.404082610157256411e-03
7.640000000000000124e-01,6.214890880131042072e-01,1.724540265077754986e-01,8.807740876194916080e-01,1.510490958174726339e+00,6.608992662458920142e-01,2.431225795232300115e-03
7.660000000000000142e-01,6.215657980455171483e-01,1.723165549642935723e-01,8.807958964672882862e-01,1.510683631713477970e+00,6.593002583192006938e-01,2.286005847836943255e-03
7.680000000000000160e-01,6.216424754177339862e-01,1.721795568397835041e-01,8.808173590963153110e-01,1.510875641730846874e+00,6.577039920076843682e-01,2.149842615332526151e-03
7.700000000000000178e-01,6.217191294959357739e-01,1.720430316215761091e-01,8.808391111640657689e-01,1.511066988945365619e+00,6.561102961823066515e-01,2.138996465299821455e-03
7.720000000000000195e-01,6.217957686841552034e-01,1.719069788416057731e-01,8.808612411614689108e-01,1.511257674013052554e+00,6.545190202914724642e-01,2.318778984588769961e-03
7.740000000000000213e-01,6.218724006791772618e-01,1.717713980718073852e-01,8.808833375083526818e-01,1.511447697533863321e+00,6.529300289781821975e-01,2.768248321503636710e-03
7.760000000000000231e-01,6.219490332170142244e-01,1.716362889242827316e-01,8.809049225291344376e-01,1.511637060051457482e+00,6.513431865631503781e-01,3.457877090011339354e-03
7.780000000000000249e-01,6.220256742637607639e-01,1.715016510526709559e-01,8.809257207471662410e-01,1.511825762051277833e+00,6.497583531338734231e-01,4.104340761408227858e-03
7.800000000000000266e-01,6.221023311514768395e-01,1.713674841480074262e-01,8.809456847039314198e-01,1.512013803966354430e+00,6.481754024362970101e-01,4.366246277287563413e-03
7.820000000000000284e-01,6.221790097708147504e-01,1.712337879294664467e-01,8.809649663322807189e-01,1.512201186190279101e+00,6.465942384458657211e-01,4.157246509010279097e-03
7.840000000000000302e-01,6.222557147468044114e-01,1.711005621362612639e-01,8.809837925832304517e-01,1.512387909088558136e+00,6.450147915617771011e-01,3.623249088104961955e-03
7.860000000000000320e-01,6.223324499659600439e-01,1.709678065229229549e-01,8.810023158754138883e-01,1.512573973005229000e+00,6.434370076072229994e-01,2.965893217843649631e-03
7.880000000000000338e-01,6.224092187430895207e-01,1.708355208556569804e-01,8.810206858495854831e-01,1.512759378267966914e+00,6.418608443109555806e-01,2.456050733724755852e-03
7.900000000000000355e-01,6.224860239651331950e-01,1.707037049096257197e-01,8.810392146073625641e-01,1.512944125191893585e+00,6.402862682863174060e-01,2.418110871825980557e-03
7.920000000000000373e-01,6.225628683562903776e-01,1.705723584679173233e-01,8.810583023528224533e-01,1.513128214081022271e+00,6.387132495531617771e-01,2.989574588752185944e-03
7.940000000000000391e-01,6.226397542437508426e-01,1.704414813190400502e-01,8.810781913525796982e-01,1.513311645231769642e+00,6.371417663066215598e-01,3.961155782696016564e-03
7.960000000000000409e-01,6.227166828342882710e-01,1.703110732498723245e-01,8.810987871854072395e-01,1.513494418942836761e+00,6.355718196152889687e-01,4.892145868076127127e-03
7.980000000000000426e-01,6.227936539799768800e-01,1.701811340371786330e-01,8.811195642291418384e-01,1.513676535527099798e+00,6.340034380209024212e-01,5.354177379510379614e-03
8.000000000000000444e-01,6.228706668377268496e-01,1.700516634433227314e-01,8.811396450900879085e-01,1.513857995317618332e+00,6.324366639181289163e-01,5.194586007600150712e-03
8.020000000000000462e-01,6.229477206793436750e-01,1.699226612170924300e-01,8.811582337704173540e-01,1.514038798666479391e+00,6.308715370014161827e-01,4.647541277827627916e-03
8.040000000000000480e-01,6.230248151211065233e-01,1.697941270959580640e-01,8.811751414123424331e-01,1.514218945941631977e+00,6.293080896299356741e-01,4.088108411317369940e-03
8.060000000000000497e-01,6.231019498484494656e-01,1.696660608065956866e-01,8.811908704119169045e-01,1.514398437526153884e+00,6.277463524527047145e-01,3.724352814473579944e-03
8.080000000000000515e-01,6.231791243386718415e-01,1.695384620636739004e-01,8.812062157953953756e-01,1.514577273819951886e+00,6.261863600202016711e-01,3.642798328061714989e-03
8.100000000000000533e-01,6.232563378483212402e-01,1.694113305685710502e-01,8.812218243074007029e-01,1.514755455241559856e+00,6.246281510038597107e-01,3.912429840597383621e-03
8.120000000000000551e-01,6.233335894028566582e-01,1.692846660080375154e-01,8.812379673046235595e-01,1.514932982230013492e+00,6.230717683663213879e-01,4.392175448279992019e-03
8.140000000000000568e-01,6.234108774439252043e-01,1.691584680506733607e-01,8.812544680431955157e-01,1.515109855249787030e+00,6.215172664094197330e-01,4.695122090419707669e-03
8.160000000000000586e-01,6.234881994930023819e-01,1.690327363413410555e-01,8.812707891943699634e-01,1.515286074798624316e+00,6.199647174205852318e-01,4.623290301835735611e-03
8.180000000000000604e-01,6.235655525423949852e-01,1.689074704980464692e-01,8.812863631095504413e-01,1.515461641411909977e+00,6.184142036804045617e-01,4.424329938127080641e-03
8.200000000000000622e-01,6.236429339184383913e-01,1.687826701141963426e-01,8.813009675146459276e-01,1.515636555659505724e+00,6.168658001079591058e-01,4.419477652211649052e-03
8.220000000000000639e-01,6.237203415539619433e-01,1.686583347625279228e-01,8.813147692626964735e-01,1.515810818140242544e+00,6.153195688752377546e-01,4.584162523276728504e-03
8.240000000000000657e-01,6.237977735327556728e-01,1.685344639962000624e-01,8.813280649858836746e-01,1.515984429480391693e+00,6.137755685841088660e-01,4.639307773283327628e-03
8.260000000000000675e-01,6.238752278459375189e-01,1.684110573483741102e-01,8.813411494904518362e-01,1.516157390334251787e+00,6.122338591347150638e-01,4.395730035357354668e-03
8.280000000000000693e-01,6.239527025841161700e-01,1.682881143329854057e-01,8.813544034885159029e-01,1.516329701383067885e+00,6.106944978912858257e-01,3.911694790040460418e-03
8.300000000000000711e-01,6.240301958259043547e-01,1.681656344448254625e-01,8.813682620978697813e-01,1.516501363334916030e+00,6.091575419061669994e-01,3.406965075915878265e-03
8.320000000000000728e-01,6.241077052208761078e-01,1.680436171570638682e-01,8.813830339087724841e-01,1.516672376928176469e+00,6.076230561638850114e-01,3.102246881871265592e-03
8.339999999999999636e-01,6.241852280603009673e-01,1.679220619192260400e-01,8.813988570151666258e-01,1.516842742934368049e+00,6.060911121042543703e-01,3.132666901856459400e-03
8.359999999999999654e-01,6.242627617115329430e-01,1.678009681578484791e-01,8.814157319739327479e-01,1.517012462157229846e+00,6.045617789934677466e-01,3.525259791608377144e-03
8.379999999999999671e-01,6.243403035752027597e-01,1.676803352768710398e-01,8.814334384905109232e-01,1.517181535432171158e+00,6.030351247763745537e-01,4.143683258834598288e-03
8.399999999999999689e-01,6.244178507977711234e-01,1.675481869852983308e-01,8.814515446920720976e-01,1.517349963628181087e+00,6.015112217227076563e-01,4.691511672980233812e-03
8.419999999999999707e-01,6.244954006033204275e-01,1.673997953624423718e-01,8.814696450008004946e-01,1.517517747646885962e+00,5.999901398751786852e-01,4.920602585436824501e-03
8.439999999999999725e-01,6.245729508356283599e-01,1.672519726418277564e-01,8.814875223888970490e-01,1.517684888416986455e+00,5.984719364586303936e-01,4.846453090971497395e-03
8.459999999999999742e-01,6.246504996282148392e-01,1.671047179805460747e-01,8.815051210666875470e-01,1.517851386891545529e+00,5.969566624343138894e-01,4.679724606763301618e-03
8.479999999999999760e-01,6.247280445346417022e-01,1.669580305099880035e-01,8.815225380713219705e-01,1.518017244052685788e+00,5.954443794974723092e-01,4.597483395770616231e-03
8.499999999999999778e-01,6.248055824225952071e-01,1.668119093309311518e-01,8.815399815744070500e-01,1.518182460917143484e+00,5.939351620263052522e-01,4.652045845755062824e-03
8.519999999999999796e-01,6.248831102677917526e-01,1.666663535146180875e-01,8.815575985214872956e-01,1.518347038535049709e+00,5.924290815423208789e-01,4.827754963233119208e-03
8.539999999999999813e-01,6.249606257116195884e-01,1.665213621080004203e-01,8.815754272090324806e-01,1.518510977984000920e+00,5.909261959273311993e-01,5.088987829249730192e-03
8.559999999999999831e-01,6.250381267175654232e-01,1.663769341363766363e-01,8.815935209680106910e-01,1.518674280366076434e+00,5.894265561904410422e-01,5.369257759385017217e-03
8.579999999999999849e-01,6.251156108873568984e-01,1.662330686009145519e-01,8.816119433094556923e-01,1.518836946810639743e+00,5.879302197223176263e-01,5.580890688022586629e-03
8.599999999999999867e-01,6.251930753134525842e-01,1.660897644750990998e-01,8.816307134996798078e-01,1.518998978478354855e+00,5.864372530651337234e-01,5.734073145663215985e-03
8.619999999999999885e-01,6.252705170012682334e-01,1.659470207043504952e-01,8.816499112194986498e-01,1.519160376561618175e+00,5.849477237001854402e-01,6.021224908440429152e-03
8.639999999999999902e-01,6.253479330863700447e-01,1.658048362072586102e-01,8.816696087470858867e-01,1.519321142283162729e+00,5.834616958649390117e-01,6.589846684521852294e-03
8.659999999999999920e-01,6.254253205772900559e-01,1.656632098749066528e-01,8.816895202580385948e-01,1.519481276896822886e+00,5.819792354991364380e-01,7.219748863667511431e-03
8.679999999999999938e-01,6.255026763800193290e-01,1.655221405703848903e-01,8.817090145474134610e-01,1.519640781688084141e+00,5.805004097515092942e-01,7.491684123712948930e-03
8.699999999999999956e-01,6.255799978957030660e-01,1.653816271327193665e-01,8.817276709251724576e-01,1.519799657969641116e+00,5.790252755680456165e-01,7.307827465933293062e-03
8.719999999999999973e-01,6.256572832406812612e-01,1.652416683823878518e-01,8.817456397433987014e-01,1.519957907075160541e+00,5.775538756043014921e-01,6.964750567892639618e-03
8.739999999999999991e-01,6.257345306503416804e-01,1.651022631224093318e-01,8.817634830007363700e-01,1.520115530358049583e+00,5.760862496816602230e-01,6.740566580539121902e-03
8.760000000000000009e-01,6.258117380287292475e-01,1.649634101361225347e-01,8.817819053651436700e-01,1.520272529193967603e+00,5.746224433424943490e-01,6.732634528560425824e-03
8.780000000000000027e-01,6.258889031385513890e-01,1.648251081863767176e-01,8.818015194875101770e-01,1.520428904981740992e+00,5.731625041947910892e-01,7.019580400229188423e-03
8.800000000000000044e-01,6.259660237301499786e-01,1.646873560156753291e-01,8.818225651711941726e-01,1.520584659143200845e+00,5.717064794529240768e-01,7.606292332230299436e-03
8.820000000000000062e-01,6.260430974629329626e-01,1.645501523457461035e-01,8.818448288029141491e-01,1.520739793123669026e+00,5.702544174151776835e-01,8.254934955983294492e-03
8.840000000000000080e-01,6.261201221667838102e-01,1.644134958790208489e-01,8.818678720817590966e-01,1.520894308390285055e+00,5.688063625377863808e-01,8.684236547303788786e-03
8.860000000000000098e-01,6.261970960507381445e-01,1.642773853016190888e-01,8.818912842502146798e-01,1.521048206428632366e+00,5.673623515601823319e-01,8.895359742415169524e-03
8.880000000000000115e-01,6.262740172109234615e-01,1.641418192827378830e-01,8.819148303452565285e-01,1.521201488743428420e+00,5.659224227843714372e-01,9.092939979456442570e-03
8.900000000000000133e-01,6.263508832091527756e-01,1.640067964709983339e-01,8.819385134718048525e-01,1.521354156862655627e+00,5.644866239174894940e-01,9.379509598379914478e-03
8.920000000000000151e-01,6.264276915883708607e-01,1.638723154945527227e-01,8.819624177996626679e-01,1.521506212337440100e+00,5.630550023691812678e-01,9.702324522708359253e-03
8.940000000000000169e-01,6.265044405423664253e-01,1.637383749660195897e-01,8.819864384581783678e-01,1.521657656736471687e+00,5.616275928077582025e-01,9.992607213522217841e-03
8.960000000000000187e-01,6.265811288020285419e-01,1.636049734865561434e-01,8.820102805341528684e-01,1.521808491641399419e+00,5.602044194028084068e-01,1.018764298715648005e-02
8.980000000000000204e-01,6.266577552092765790e-01,1.634721096468322588e-01,8.820337362844198337e-01,1.521958718645730180e+00,5.587855038179780909e-01,1.021124405348149654e-02
9.000000000000000222e-01,6.267343186096737684e-01,1.633397820272264878e-01,8.820569210701051377e-01,1.522108339354607098e+00,5.573708672186079571e-01,1.011926584608822434e-02
9.020000000000000240e-01,6.268108178286111443e-01,1.632079891978499842e-01,8.820803102721013200e-01,1.522257355384782462e+00,5.559605307142611030e-01,1.019855025825355810e-02
9.040000000000000258e-01,6.268872515051174821e-01,1.630767297173845165e-01,8.821045044519830736e-01,1.522405768365931555e+00,5.545545184115573401e-01,1.071504642147031588e-02
9.060000000000000275e-01,6.269636179555529987e-01,1.629460021309616646e-01,8.821297904184569605e-01,1.522553579943050739e+00,5.531528598783977957e-01,1.160061935846630997e-02
9.080000000000000293e-01,6.270399151753106581e-01,1.628158049680751285e-01,8.821559347229955828e-01,1.522700791778817786e+00,5.517555900500845656e-01,1.256673903588713739e-02
9.100000000000000311e-01,6.271161410818023585e-01,1.626861367422396676e-01,8.821824088451656332e-01,1.522847405553977573e+00,5.503627447317192001e-01,1.340988585766850726e-02
9.120000000000000329e-01,6.271922939827454524e-01,1.625569959539709120e-01,8.822086439496849009e-01,1.522993422963972998e+00,5.489743520572314406e-01,1.399684142744939304e-02
9.140000000000000346e-01,6.272683727762141670e-01,1.624283810951511475e-01,8.822341727610252260e-01,1.523138845714008482e+00,5.475904289375556067e-01,1.418920326223171817e-02
9.160000000000000364e-01,6.273443766761032103e-01,1.623002906514153243e-01,8.822589207201154693e-01,1.523283675516352131e+00,5.462109861621835538e-01,1.409651995775133837e-02
9.180000000000000382e-01,6.274203051174043200e-01,1.621727231038474215e-01,8.822833380961648819e-01,1.523427914088417934e+00,5.448360301809324069e-01,1.413115578643268401e-02
9.200000000000000400e-01,6.274961581013284162e-01,1.620456769330829161e-01,8.823079025923296070e-01,1.523571563148126806e+00,5.434655569246270579e-01,1.448627992766811541e-02
9.220000000000000417e-01,6.275719362394244216e-01,1.619191506236802858e-01,8.823325606234264651e-01,1.523714624408964102e+00,5.420995511308138726e-01,1.486944457104433237e-02
9.240000000000000435e-01,6.276476402881281391e-01,1.617931426651904037e-01,8.823568828463725922e-01,1.523857099578770358e+00,5.407379948348127741e-01,1.500064561021686484e-02
9.260000000000000453e-01,6.277232709472586603e-01,1.616676515518069290e-01,8.823805585473569746e-01,1.523998990360136530e+00,5.393808710150561625e-01,1.495514021303918049e-02
9.280000000000000471e-01,6.277988290745101230e-01,1.615426757835140281e-01,8.824035688580295078e-01,1.524140298449106368e+00,5.380281597496573420e-01,1.482440962916166220e-02
9.300000000000000488e-01,6.278743156985081564e-01,1.614182138673118105e-01,8.824261939302292523e-01,1.524281025533790856e+00,5.366798380197306262e-01,1.456517329705194277e-02
9.320000000000000506e-01,6.279497319340024974e-01,1.612942643178389146e-01,8.824490420272751434e-01,1.524421173293664111e+00,5.353358812578664638e-01,1.437264569151567445e-02
9.340000000000000524e-01,6.280250793044841462e-01,1.611708256602221445e-01,8.824727931059500596e-01,1.524560743396341511e+00,5.339962576402572658e-01,1.466979654308314673e-02
9.360000000000000542e-01,6.281003599790521141e-01,1.610478964345315456e-01,8.824977143996530771e-01,1.524699737492542395e+00,5.326609239778683502e-01,1.553735885721293022e-02
9.380000000000000560e-01,6.281755762649633423e-01,1.609254751966877894e-01,8.825234972608120287e-01,1.524838157215063994e+00,5.313298348228828738e-01,1.656186531923673627e-02
9.400000000000000577e-01,6.282507300800835859e-01,1.608035605157287773e-01,8.825495328525958527e-01,1.524976004181872069e+00,5.300029518039738319e-01,1.732629970597302643e-02
9.420000000000000595e-01,6.283258234059064806e-01,1.606821509742129284e-01,8.825752347388389207e-01,1.525113279995645055e+00,5.286802355790687358e-01,1.773572616524733692e-02
9.440000000000000613e-01,6.284008590970199259e-01,1.605612451741620650e-01,8.826002092133770072e-01,1.525249986237054323e+00,5.273616316436519069e-01,1.788276460556813621e-02
9.460000000000000631e-01,6.284758407391288770e-01,1.604408417419693200e-01,8.826243629427126258e-01,1.525386124459215065e+00,5.260470730003147244e-01,1.786557861133255404e-02
9.480000000000000648e-01,6.285507717752895074e-01,1.603209393272912453e-01,8.826479491700867097e-01,1.525521696188938847e+00,5.247364955773288209e-01,1.775389769828002867e-02
9.500000000000000666e-01,6.286256552313653767e-01,1.602015366000792418e-01,8.826714377051657623e-01,1.525656702930090258e+00,5.234298429871183655e-01,1.763430704537335622e-02
9.520000000000000684e-01,6.287004942344315284e-01,1.600826322511614552e-01,8.826952445624289822e-01,1.525791146162928769e+00,5.221270574294314404e-01,1.766592525030697206e-02
9.540000000000000702e-01,6.287752922178208026e-01,1.599642249942062056e-01,8.827195471812726568e-01,1.525925027341888951e+00,5.208280761583348184e-01,1.797917310866668783e-02
9.560000000000000719e-01,6.288500524297687688e-01,1.598463135643371502e-01,8.827442901788606910e-01,1.526058347897146117e+00,5.195328400508789635e-01,1.846429992811581683e-02
9.580000000000000737e-01,6.289247776484286900e-01,1.597288967148378369e-01,8.827692465338737859e-01,1.526191109238342447e+00,5.182412984912307952e-01,1.885859211346309003e-02
9.599999999999999645e-01,6.289994705980852530e-01,1.596119732166918770e-01,8.827941003988344359e-01,1.526323312755107020e+00,5.169534021080566255e-01,1.910241541877599758e-02
9.619999999999999662e-01,6.290741343669159491e-01,1.594955418609327324e-01,8.828186622794830241e-01,1.526454959814398826e+00,5.156690955884399852e-01,1.936630122490816050e-02
9.639999999999999680e-01,6.291487722202376842e-01,1.593796014597140265e-01,8.828430524700321413e-01,1.526586051759296625e+00,5.143883209562347680e-01,1.973107139591236125e-02
9.659999999999999698e-01,6.292233871269905521e-01,1.592641508441967058e-01,8.828675887806956002e-01,1.526716589911387922e+00,5.131110257070538028e-01,2.014249544503497052e-02
9.679999999999999716e-01,6.292979814480079703e-01,1.591491888603767113e-01,8.828925449880966614e-01,1.526846575575486531e+00,5.118371680661787382e-01,2.062387659087219424e-02
9.699999999999999734e-01,6.293725568287267258e-01,1.590347143642412420e-01,8.829180063594108674e-01,1.526976010045109300e+00,5.105667186904284671e-01,2.121022586559532727e-02
9.719999999999999751e-01,6.294471144274088603e-01,1.589207262184927361e-01,8.829436803339467676e-01,1.527104894606180263e+00,5.092996566483962706e-01,2.176984981400044428e-02
9.739999999999999769e-01,6.295216556472261749e-01,1.588072232941625805e-01,8.829687722012704576e-01,1.527233230535206099e+00,5.080359569256595043e-01,2.216436579136641868e-02
9.759999999999999787e-01,6.295961827352724027e-01,1.586942044761683324e-01,8.829923699583672736e-01,1.527361019092992489e+00,5.067755803593918529e-01,2.241735988684854033e-02
9.779999999999999805e-01,6.296706982060562563e-01,1.585816686650034502e-01,8.830140880477796994e-01,1.527488261522733870e+00,5.055184835286511413e-01,2.253249590560297069e-02
9.799999999999999822e-01,6.297452034625838913e-01,1.584696147693226143e-01,8.830342161706169479e-01,1.527614959058396726e+00,5.042646419885926656e-01,2.241170848513263092e-02
9.819999999999999840e-01,6.298196984539825571e-01,1.583580416963602522e-01,8.830534038010859899e-01,1.527741112935553591e+00,5.030140557827450509e-01,2.209933384011631557e-02
9.839999999999999858e-01,6.298941829109876434e-01,1.582469483505540009e-01,8.830723862608568231e-01,1.527866724392939135e+00,5.017667284797679983e-01,2.181219939992648169e-02
9.859999999999999876e-01,6.299686572660488926e-01,1.581363336382043960e-01,8.830916937477659712e-01,1.527991794667181713e+00,5.005226517787498830e-01,2.166531579610582112e-02
9.879999999999999893e-01,6.300431219924629289e-01,1.580261964677679154e-01,8.831113101495602358e-01,1.528116324992472075e+00,4.992818166545933134e-01,2.164735568530228374e-02
9.899999999999999911e-01,6.301175767860328625e-01,1.579165357448172602e-01,8.831307840966696743e-01,1.528240316606261473e+00,4.980442269535789168e-01,2.179918965459695310e-02
9.919999999999999929e-01,6.301920208946686364e-01,1.578073503692009605e-01,8.831497624954868231e-01,1.528363770752473538e+00,4.968098937759398148e-01,2.212470426906744045e-02
9.939999999999999947e-01,6.302664535636106624e-01,1.576986392351202859e-01,8.831682313282407382e-01,1.528486688681417016e+00,4.955788280303666804e-01,2.245552621948064542e-02
9.959999999999999964e-01,6.303408737242686133e-01,1.575904012291937661e-01,8.831863613195507501e-01,1.528609071651974460e+00,4.943510455621736299e-01,2.264769783707425155e-02
9.979999999999999982e-01,6.304152798369651034e-01,1.574826352275305597e-01,8.832044191787205012e-01,1.528730920934911142e+00,4.931265696747632599e-01,2.275856300013824260e-02
1.000000000000000000e+00,6.304896701721800500e-01,1.573753400946476533e-01,8.832226987931293127e-01,1.528852237814099402e+00,4.919054264231335627e-01,2.289590433075863393e-02
